Day,Month,Temperature(째F),Dew_Point_Max(째F),Dew_Point_Min(째F),Dew_Point_Avg(째F),Humidity_Max ( % ),Humidity_Min( % ),Wind_speed_Max(mph),Wind_speed_Min(mph),Pressure_Max(Hg),Pressure_Min (Hg )
1,1,72,63,55,60,94,44,7,0,29.98,29.89
2,1,100,64,52,61,83,11,6,0,30.01,29.89
3,1,76,68,59,63,83,45,7,0,29.98,29.86
4,1,74,68,61,65,88,54,12,0,29.95,29.83
5,1,70,64,54,59,88,44,12,0,29.95,29.83
6,1,68,57,46,53,82,38,12,0,29.98,29.86
7,1,66,61,46,54,94,41,9,0,29.98,29.89
8,1,66,63,50,55,94,44,9,0,29.98,29.86
9,1,67,64,52,57,94,53,7,0,29.98,29.86
10,1,66,59,52,56,94,47,8,0,30.04,29.92
11,1,63,57,46,53,94,43,9,0,30.06,29.95
12,1,65,57,50,53,94,41,9,0,30.04,29.92
13,1,65,63,54,57,100,44,7,0,30.04,29.86
14,1,70,64,55,60,94,51,7,0,30.01,29.89
15,1,70,64,54,58,94,39,9,0,30.01,29.89
16,1,72,57,50,55,88,30,7,0,30.01,29.89
17,1,68,63,55,59,94,61,17,0,29.98,29.89
18,1,60,59,55,56,94,77,12,0,30.04,29.92
19,1,60,61,54,56,94,82,9,0,30.04,29.95
20,1,62,55,52,54,88,68,8,0,30.09,30.01
21,1,64,59,54,56,100,57,7,0,30.15,30.01
22,1,67,64,48,57,94,36,9,0,30.09,29.98
23,1,70,64,55,58,94,42,9,0,30.01,29.89
24,1,71,59,52,56,82,42,7,0,30.04,29.92
25,1,70,61,50,56,83,36,12,0,30.09,29.98
26,1,68,59,48,54,88,34,12,0,30.06,29.95
27,1,69,61,48,55,82,36,13,0,30.01,29.89
28,1,71,61,54,57,83,39,12,0,29.98,29.89
29,1,73,59,55,58,78,42,18,0,30.01,29.92
30,1,70,59,55,58,83,53,14,0,30.04,29.92
31,1,66,57,46,51,82,36,9,0,30.09,29.98
1,2,68,55,43,50,82,28,12,0,30.06,29.95
2,2,68,57,43,51,82,28,9,0,30.06,30.01
3,2,71,63,48,54,82,30,8,0,30.15,30.01
4,2,70,57,45,54,88,26,7,0,30.09,29.95
5,2,70,59,46,55,83,30,7,0,30.09,29.95
6,2,72,57,46,53,73,30,10,4,30.06,29.95
7,2,68,57,48,55,88,34,14,0,30.04,29.89
8,2,69,61,48,56,88,34,9,0,30.01,29.89
9,2,71,59,52,56,83,37,9,4,30.06,29.95
10,2,72,59,52,56,88,37,12,0,30.09,29.95
11,2,71,61,48,54,83,34,12,0,30.01,29.92
12,2,70,57,45,52,82,28,12,4,30.01,29.83
13,2,72,57,46,53,77,28,12,4,29.92,29.8
14,2,70,57,45,53,88,28,9,4,29.92,29.8
15,2,71,61,52,56,83,39,10,5,29.95,29.8
16,2,72,59,48,55,78,34,9,4,30.01,29.89
17,2,76,59,48,56,78,27,12,0,29.92,29.8
18,2,75,66,55,61,83,45,18,0,29.95,29.77
19,2,70,64,59,61,88,57,14,0,30.01,29.83
20,2,74,64,59,62,78,51,7,0,29.98,29.86
21,2,76,66,59,64,88,42,9,0,29.92,29.8
22,2,76,68,61,65,83,51,12,5,29.95,29.83
23,2,79,66,59,64,83,36,8,0,29.95,29.83
24,2,78,68,54,63,88,33,12,0,29.92,29.77
25,2,78,72,63,68,94,58,9,0,29.86,29.74
26,2,81,72,55,67,89,35,12,0,29.83,29.71
27,2,82,70,64,68,83,41,14,4,29.86,29.74
28,2,82,70,61,67,88,36,9,0,29.92,29.8
1,3,82,70,61,67,88,38,9,0,29.95,29.83
2,3,81,72,63,67,94,41,15,0,29.92,29.8
3,3,77,64,50,58,78,29,12,0,29.92,29.77
4,3,74,68,63,64,83,65,9,0,29.92,29.77
5,3,76,66,52,60,94,33,12,0,29.98,29.86
6,3,73,61,46,56,83,28,12,0,30.01,29.92
7,3,76,81,45,54,89,25,9,0,29.98,29.86
8,3,76,61,46,55,83,24,12,0,30.01,29.89
9,3,78,64,54,59,73,31,14,0,30.01,29.92
10,3,80,64,50,58,78,26,14,0,30.01,29.89
11,3,78,55,50,53,60,31,14,0,30.04,29.92
12,3,78,55,50,53,64,27,14,0,30.04,29.86
13,3,78,61,48,55,73,25,10,0,29.98,29.83
14,3,81,64,48,56,78,23,13,0,30.01,29.86
15,3,83,66,52,58,73,24,12,0,30.01,29.89
16,3,82,61,50,56,65,27,18,4,30.04,29.92
17,3,80,64,50,59,69,27,12,0,29.95,29.77
18,3,83,72,54,64,78,28,14,0,29.89,29.77
19,3,80,64,50,58,78,26,14,0,29.95,29.83
20,3,81,61,54,58,69,28,12,0,29.98,29.86
21,3,82,63,50,57,65,23,16,0,29.95,29.8
22,3,83,64,52,58,78,23,12,0,29.92,29.77
23,3,84,64,54,61,73,23,12,0,29.86,29.71
24,3,85,68,55,63,69,26,7,0,29.86,29.74
25,3,86,70,54,65,74,26,21,0,29.95,29.8
26,3,82,66,54,62,73,29,21,4,30.04,29.89
27,3,85,70,66,68,74,41,9,0,30.01,29.86
28,3,86,75,64,69,78,36,10,0,29.92,29.77
29,3,85,73,57,70,83,30,9,0,29.92,29.77
30,3,86,73,59,70,83,32,16,0,29.89,29.71
31,3,82,68,63,66,83,38,14,0,29.86,29.74
1,4,78,79,64,69,94,46,23,0,29.86,29.68
2,4,81,75,66,71,88,52,13,5,29.77,29.53
3,4,83,75,68,72,89,52,14,4,29.71,29.56
4,4,81,79,66,74,89,63,18,6,29.83,29.53
5,4,76,79,61,67,89,58,14,0,29.77,29.65
6,4,78,70,64,67,94,48,10,0,30.04,29.68
7,4,79,75,61,70,88,62,17,0,29.95,29.71
8,4,78,68,63,64,78,45,14,4,29.89,29.77
9,4,85,70,64,66,78,38,12,4,29.83,29.71
10,4,85,73,64,69,83,38,12,5,29.86,29.71
11,4,86,77,68,73,89,46,12,5,29.89,29.74
12,4,80,73,68,71,100,49,12,0,29.95,29.8
13,4,84,72,64,69,78,41,12,0,29.98,29.8
14,4,85,73,64,70,89,38,8,0,29.92,29.77
15,4,85,72,63,69,78,36,9,0,29.92,29.77
16,4,86,75,64,69,79,38,14,0,29.95,29.8
17,4,86,73,64,69,83,38,12,0,29.86,29.65
18,4,85,73,64,69,83,38,17,0,29.77,29.56
19,4,78,73,64,68,94,54,92,5,29.83,29.68
20,4,85,75,70,72,83,46,14,0,29.86,29.71
21,4,86,77,57,73,84,30,20,7,29.77,29.62
22,4,82,75,64,71,89,52,34,5,29.77,29.56
23,4,79,77,64,69,89,49,34,6,29.8,29.68
24,4,80,72,66,69,78,62,14,6,29.89,29.71
25,4,74,72,64,68,88,69,17,4,29.95,29.8
26,4,76,72,64,68,88,54,6,0,29.95,29.8
27,4,83,77,64,70,89,41,17,0,29.92,29.77
28,4,83,72,66,69,83,46,12,4,29.86,29.71
29,4,84,72,66,70,78,46,12,4,29.8,29.71
30,4,85,75,66,71,83,55,12,0,29.8,29.68
1,5,83,75,68,72,94,46,14,0,29.77,29.68
2,5,86,82,70,74,89,47,21,5,29.8,29.68
3,5,86,79,70,73,79,53,12,0,29.83,29.68
4,5,86,75,64,71,83,41,9,0,29.83,29.71
5,5,86,75,68,73,84,46,12,0,29.77,29.65
6,5,86,75,70,72,84,49,14,0,29.77,29.62
7,5,85,77,68,73,84,59,147,4,29.74,29.68
8,5,76,70,63,67,94,51,16,5,29.8,29.65
9,5,84,77,70,72,83,55,9,4,29.74,29.62
10,5,84,79,72,74,89,59,14,0,29.74,29.62
11,5,80,75,70,73,89,62,17,4,29.83,29.68
12,5,76,77,70,73,94,70,14,4,29.83,29.68
13,5,86,77,72,74,83,55,12,0,29.77,29.65
14,5,88,79,75,76,84,53,12,6,29.8,29.65
15,5,84,81,73,77,94,59,15,6,29.8,29.68
16,5,83,79,73,76,94,62,14,0,29.83,29.62
17,5,86,77,66,74,84,41,18,0,29.71,29.59
18,5,84,77,73,75,89,59,9,0,29.68,29.59
19,5,84,77,75,76,89,62,7,0,29.68,29.65
20,5,90,79,75,76,75,56,16,0,29.59,29.53
21,5,89,79,72,75,84,44,14,0,29.62,29.5
22,5,86,81,72,78,84,59,16,5,29.59,29.5
23,5,91,81,75,78,79,50,17,7,29.59,29.47
24,5,83,75,66,72,89,49,14,6,29.62,29.53
25,5,86,77,73,75,89,56,17,5,29.62,29.47
26,5,82,79,72,76,94,62,14,5,29.74,29.59
27,5,84,79,72,75,89,62,14,6,29.74,29.59
28,5,86,77,70,73,84,59,15,5,29.68,29.56
29,5,84,81,73,76,89,55,12,0,29.71,29.59
30,5,84,81,73,77,89,59,16,0,29.74,29.62
31,5,87,79,75,77,89,56,17,8,29.68,29.56
1,6,89,77,73,76,84,47,17,9,29.68,29.56
2,6,85,79,72,76,89,59,16,5,29.71,29.62
3,6,86,77,72,75,79,52,9,4,29.74,29.62
4,6,90,77,72,75,79,47,9,0,29.77,29.62
5,6,90,79,72,75,84,47,14,4,29.71,29.59
6,6,90,79,75,77,79,53,16,6,29.65,29.56
7,6,90,79,75,77,84,50,17,6,29.65,29.56
8,6,89,79,73,76,84,49,16,6,29.65,29.53
9,6,90,79,75,77,79,53,18,7,29.59,29.5
10,6,84,81,73,76,84,70,17,6,29.62,29.53
11,6,78,79,72,74,94,83,25,5,29.68,29.56
12,6,83,79,72,75,94,70,17,6,29.62,29.56
13,6,82,79,73,76,94,75,25,0,29.65,29.56
14,6,83,79,73,76,94,66,9,0,29.62,29.5
15,6,84,79,75,76,89,66,12,4,29.62,29.53
16,6,83,77,73,76,94,62,12,6,29.62,29.56
17,6,84,81,75,77,89,62,12,0,29.59,29.5
18,6,84,81,75,77,89,62,14,0,29.62,29.5
19,6,86,79,73,75,84,56,9,0,29.59,29.47
20,6,88,79,72,76,84,55,18,6,29.59,29.47
21,6,88,77,73,76,84,52,14,7,29.56,29.5
22,6,82,79,77,77,89,84,17,6,29.5,29.39
23,6,82,79,77,79,94,84,12,4,29.42,29.39
24,6,82,81,77,78,89,79,12,4,29.44,29.36
25,6,82,81,75,77,94,84,14,0,29.39,29.3
26,6,80,79,75,77,94,89,9,0,29.33,29.27
27,6,79,77,75,77,94,89,17,7,29.59,29.3
28,6,81,79,73,76,94,79,16,0,29.74,29.56
29,6,86,79,73,76,89,62,12,0,29.77,29.65
30,6,84,77,72,75,84,62,9,6,29.71,29.62
1,7,86,79,73,76,84,56,12,0,29.68,29.59
2,7,86,77,75,76,84,63,12,5,29.65,29.53
3,7,86,77,73,76,84,59,16,4,29.62,29.5
4,7,86,79,77,77,84,66,12,6,29.56,29.44
5,7,86,79,75,77,89,59,14,0,29.53,29.44
6,7,86,79,75,78,89,63,9,0,29.53,29.42
7,7,84,81,75,77,89,62,9,0,29.5,29.42
8,7,84,79,75,76,94,62,14,0,29.5,29.42
9,7,79,77,75,76,94,84,23,5,29.56,29.39
10,7,80,79,73,76,94,84,14,5,29.62,29.53
11,7,86,81,75,77,89,59,14,4,29.65,29.56
12,7,86,79,75,76,84,59,12,5,29.62,29.53
13,7,88,81,77,78,89,59,9,0,29.59,29.44
14,7,90,82,77,79,84,59,12,0,29.53,29.39
15,7,82,82,75,77,94,84,14,0,29.47,29.42
16,7,82,77,73,76,94,74,14,0,29.47,29.39
17,7,82,77,75,77,94,74,12,0,29.5,29.42
18,7,80,79,77,77,94,84,12,4,29.53,29.44
19,7,78,77,75,77,94,89,16,2,29.53,29.44
20,7,79,77,75,76,94,84,12,6,29.56,29.47
21,7,81,79,75,77,94,84,12,0,29.65,29.53
22,7,82,79,75,77,89,84,14,0,29.68,29.59
23,7,86,77,73,76,89,59,17,5,29.74,29.65
24,7,81,81,75,78,94,84,12,6,29.71,29.59
25,7,82,79,75,77,94,70,14,0,29.62,29.47
26,7,84,77,70,73,89,55,18,7,29.5,29.44
27,7,80,79,73,75,94,79,18,6,29.53,29.44
28,7,84,81,70,74,100,55,14,0,29.53,29.42
29,7,86,77,70,75,94,46,14,0,29.47,29.33
30,7,86,77,70,75,79,59,17,5,29.39,29.3
31,7,80,77,73,75,94,74,21,9,29.47,29.3
1,8,80,79,73,76,94,79,18,12,29.62,29.44
2,8,82,79,72,76,94,70,14,5,29.68,29.59
3,8,84,77,73,75,84,62,9,0,29.68,29.59
4,8,86,79,75,76,84,59,13,4,29.65,29.56
5,8,86,79,70,76,84,52,12,0,29.62,29.5
6,8,86,79,73,76,84,55,12,4,29.59,29.5
7,8,86,79,75,77,89,66,14,0,29.62,29.53
8,8,86,81,73,78,89,55,8,0,29.65,29.53
9,8,86,79,75,77,84,59,12,0,29.59,29.47
10,8,88,79,73,77,84,56,9,0,29.65,29.5
11,8,89,79,75,77,84,53,12,0,29.68,29.59
12,8,86,81,59,77,89,42,14,0,29.71,29.59
13,8,86,79,75,77,89,63,14,6,29.71,29.59
14,8,84,81,77,78,89,74,9,0,29.68,29.59
15,8,86,77,72,76,84,62,14,4,29.74,29.62
16,8,84,79,73,77,89,62,16,7,29.71,29.62
17,8,86,79,77,78,89,70,14,6,29.71,29.62
18,8,84,79,77,78,94,70,17,5,29.71,29.62
19,8,83,81,77,78,94,74,24,4,29.68,29.59
20,8,84,81,75,77,94,66,16,0,29.65,29.56
21,8,81,79,75,77,94,79,9,4,29.65,29.56
22,8,84,79,73,76,89,66,10,0,29.59,29.47
23,8,83,79,75,77,89,70,12,0,29.62,29.5
24,8,86,79,75,77,89,66,8,0,29.62,29.5
25,8,84,81,75,78,89,70,10,0,29.59,29.47
26,8,86,79,73,77,89,62,12,0,29.65,29.5
27,8,84,79,75,76,94,62,14,5,29.68,29.59
28,8,84,79,75,76,84,66,24,6,29.68,29.56
29,8,84,79,75,78,89,70,18,6,29.65,29.56
30,8,83,81,75,78,89,74,16,5,29.68,29.56
31,8,83,79,75,77,94,79,14,0,29.65,29.56
1,9,81,81,75,78,94,79,16,0,29.62,29.53
2,9,81,79,75,77,94,84,14,0,29.65,29.56
3,9,82,77,73,76,89,70,7,0,29.71,29.62
4,9,82,79,73,76,84,79,6,0,29.77,29.71
5,9,84,77,75,76,89,66,12,0,29.8,29.68
6,9,86,79,75,77,89,56,12,0,29.77,29.62
7,9,86,79,73,76,89,63,12,0,29.74,29.62
8,9,84,79,73,76,84,62,9,0,29.68,29.62
9,9,88,81,73,76,89,56,7,0,29.71,29.59
10,9,86,79,75,77,89,63,12,0,29.77,29.62
11,9,88,81,75,77,89,56,9,0,29.8,29.65
12,9,88,79,75,77,89,56,9,0,29.77,29.65
13,9,86,81,77,78,84,66,12,0,29.77,29.62
14,9,88,79,72,75,84,52,86,4,29.77,29.59
15,9,88,77,73,76,84,55,14,0,29.74,29.59
16,9,88,79,73,76,84,55,14,2,29.71,29.59
17,9,88,79,73,77,89,56,9,0,29.71,29.59
18,9,86,79,73,77,100,59,12,0,29.68,29.56
19,9,81,79,75,77,94,79,14,0,29.71,29.59
20,9,78,77,73,76,94,84,18,5,29.74,29.62
21,9,82,79,73,77,94,74,16,5,29.71,29.62
22,9,81,77,75,77,89,79,14,7,29.68,29.62
23,9,81,81,75,78,94,84,14,6,29.68,29.59
24,9,84,79,75,76,89,70,14,0,29.68,29.56
25,9,88,79,70,75,89,52,12,0,29.68,29.56
26,9,86,75,68,73,84,49,7,0,29.74,29.65
27,9,86,75,57,68,84,36,7,0,29.77,29.65
28,9,84,75,70,73,84,55,12,0,29.77,29.68
29,9,86,77,72,75,84,52,6,0,29.8,29.68
30,9,86,77,72,76,84,49,8,0,29.86,29.77
1,10,88,79,68,74,84,44,12,0,29.89,29.77
2,10,88,79,72,76,89,52,9,0,29.86,29.71
3,10,86,79,73,77,89,66,12,0,29.83,29.71
4,10,86,77,70,74,89,52,9,0,29.83,29.68
5,10,84,79,73,76,89,62,12,0,29.83,29.68
6,10,84,79,73,76,89,66,7,0,29.83,29.68
7,10,86,79,73,76,84,55,14,0,29.8,29.71
8,10,80,77,73,76,89,83,14,0,29.77,29.65
9,10,82,75,73,75,89,62,12,0,29.68,29.56
10,10,84,77,68,73,89,55,12,0,29.77,29.65
11,10,84,77,70,73,84,52,9,0,29.83,29.74
12,10,82,77,72,73,84,66,14,0,29.86,29.77
13,10,82,75,72,73,89,66,12,0,29.92,29.8
14,10,80,73,68,71,89,55,12,4,29.98,29.86
15,10,82,73,70,71,89,62,9,0,29.95,29.83
16,10,82,75,66,71,89,52,9,0,29.98,29.83
17,10,83,75,68,71,83,49,12,0,29.95,29.83
18,10,83,75,68,73,89,49,9,0,29.95,29.83
19,10,84,75,66,71,89,43,9,0,29.95,29.8
20,10,84,72,61,68,78,36,7,0,29.92,29.74
21,10,84,73,68,71,83,52,7,0,29.89,29.77
22,10,84,73,68,71,83,49,6,0,29.89,29.77
23,10,82,75,66,72,89,49,7,0,29.89,29.74
24,10,83,73,64,70,89,46,9,0,29.92,29.8
25,10,81,73,57,67,89,35,9,0,29.98,29.83
26,10,81,68,61,66,83,40,7,0,29.98,29.83
27,10,80,68,61,66,83,40,8,0,29.98,29.83
28,10,80,70,63,66,83,45,6,0,29.98,29.86
29,10,80,70,64,67,83,48,8,0,29.98,29.86
30,10,80,73,64,68,79,48,8,0,30.01,29.89
31,10,80,72,63,68,83,48,9,0,30.01,29.89
1,11,78,72,64,68,83,54,9,0,30.01,29.89
2,11,80,70,64,68,88,48,7,0,30.01,29.89
3,11,80,72,61,68,83,43,6,0,29.98,29.86
4,11,82,72,66,69,83,51,9,0,29.98,29.8
5,11,81,73,68,69,83,52,7,0,29.95,29.8
6,11,81,72,63,69,89,45,9,0,29.95,29.8
7,11,79,70,68,69,74,65,4,0,29.95,29.92
8,11,80,70,54,64,88,31,12,0,30.01,29.89
9,11,78,68,59,65,88,42,12,0,29.98,29.86
10,11,78,68,63,64,83,45,9,0,29.89,29.8
11,11,78,68,57,64,83,40,7,0,29.92,29.8
12,11,76,68,59,64,83,45,7,0,29.98,29.86
13,11,78,68,55,62,83,35,9,0,29.98,29.83
14,11,78,66,55,63,88,35,12,0,29.92,29.8
15,11,72,68,64,66,83,73,5,0,29.89,29.83
18,11,78,70,64,68,83,58,6,0,30.01,29.89
19,11,78,70,59,65,83,42,9,0,30.01,29.89
20,11,78,70,61,65,88,43,8,0,29.98,29.83
21,11,77,68,57,64,88,40,9,0,29.98,29.83
22,11,77,68,54,63,88,35,7,0,29.98,29.86
23,11,77,68,55,62,88,35,9,0,29.98,29.89
24,11,77,66,54,61,83,33,9,0,29.98,29.83
25,11,76,66,57,62,78,42,7,0,29.95,29.83
26,11,75,68,55,62,83,39,7,0,29.95,29.8
27,11,75,64,57,62,88,45,8,0,29.92,29.8
28,11,74,68,59,62,88,48,8,0,30.04,29.89
29,11,77,68,57,62,88,40,12,0,30.06,29.95
30,11,77,66,57,63,88,40,10,0,30.04,29.89
1,12,78,66,55,63,78,39,9,0,29.98,29.86
2,12,76,72,59,66,89,45,5,0,29.98,29.89
3,12,76,72,57,66,94,42,9,0,29.98,29.86
4,12,74,70,61,66,94,51,9,0,30.01,29.89
5,12,75,66,59,62,88,45,7,0,30.01,29.89
6,12,74,66,61,63,88,51,7,0,30.04,29.89
7,12,74,66,59,64,83,51,9,0,30.01,29.89
8,12,73,68,61,64,94,54,6,0,30.01,29.89
9,12,74,66,54,61,94,39,18,0,30.06,29.89
10,12,73,64,54,60,88,42,12,0,29.98,29.83
11,12,73,68,63,64,88,54,12,0,29.95,29.8
12,12,74,70,64,66,94,65,12,0,29.92,29.8
13,12,76,70,57,65,88,45,9,0,29.95,29.83
14,12,72,68,59,63,94,54,9,0,29.98,29.86
15,12,72,64,50,58,88,44,10,0,29.98,29.89
16,12,70,57,48,54,77,41,12,0,30.04,29.92
17,12,67,61,52,55,88,44,7,0,30.04,29.89
18,12,65,61,54,57,88,57,7,0,30.01,29.92
19,12,66,61,52,55,94,47,7,0,30.12,30.01
20,12,66,61,50,55,94,41,7,0,30.09,29.98
21,12,66,59,48,54,94,41,8,0,30.09,29.95
22,12,67,59,50,53,88,39,7,0,30.12,30.01
23,12,67,57,46,53,88,34,9,0,30.12,29.98
24,12,67,57,46,52,88,38,9,0,30.09,29.98
25,12,68,57,46,52,82,38,14,0,30.09,29.98
26,12,66,55,50,52,88,41,10,0,30.06,29.95
27,12,66,57,50,53,88,39,9,0,30.06,29.95
28,12,68,61,50,54,88,39,8,0,30.09,29.98
29,12,68,59,46,54,82,34,9,0,30.09,29.92
30,12,68,64,48,57,88,36,5,0,30.04,29.92
31,12,70,63,52,58,94,41,9,0,30.09,29.98
1,1,70,66,57,60,94,51,7,0,30.15,30.01
2,1,70,64,54,58,94,39,9,0,30.12,29.98
3,1,68,59,52,56,82,41,13,0,30.06,29.95
4,1,69,64,52,58,94,44,9,0,30.09,29.98
5,1,68,59,52,56,94,44,12,0,30.06,29.92
6,1,68,66,55,59,94,53,9,0,30.09,29.95
7,1,69,61,50,56,94,36,9,0,30.09,29.95
8,1,68,63,50,58,94,39,7,0,30.06,29.92
9,1,70,68,57,62,94,53,12,0,29.95,29.86
10,1,70,68,57,62,100,61,9,0,30.06,29.95
11,1,68,63,52,57,88,44,13,0,30.06,29.92
12,1,68,59,52,55,82,41,9,0,30.04,29.89
13,1,68,59,52,55,88,44,8,0,29.98,29.86
14,1,68,61,50,56,88,41,9,0,30.01,29.89
15,1,68,59,48,56,94,36,9,0,29.98,29.83
16,1,69,63,55,59,94,50,12,0,29.95,29.83
17,1,69,63,48,55,88,34,10,0,29.98,29.86
18,1,68,59,46,54,88,34,9,0,29.98,29.83
19,1,68,63,52,57,88,44,7,0,29.98,29.86
20,1,68,63,54,58,88,56,14,0,30.01,29.89
21,1,66,63,54,57,94,61,12,0,30.04,29.92
22,1,65,61,52,55,94,60,14,0,30.06,29.98
23,1,60,59,50,53,88,56,21,0,30.12,30.01
24,1,62,59,45,52,94,40,12,0,30.12,29.98
25,1,62,57,41,50,94,31,9,0,30.06,29.89
26,1,62,57,46,52,94,46,9,0,30.06,29.92
27,1,64,59,46,52,94,38,7,0,30.04,29.89
28,1,67,57,45,52,82,32,12,0,30.01,29.89
29,1,67,61,52,55,82,44,12,0,30.06,29.95
30,1,67,59,50,55,94,41,12,0,30.01,29.86
31,1,68,64,57,60,94,65,7,0,29.98,29.86
1,2,71,66,57,61,100,45,9,0,30.04,29.89
2,2,72,63,54,58,94,35,14,0,30.04,29.92
3,2,73,68,54,61,94,42,9,0,30.01,29.89
4,2,72,59,50,55,83,34,12,0,30.06,29.92
5,2,71,57,50,53,68,36,12,0,30.04,29.89
6,2,70,57,45,52,77,28,9,0,30.01,29.86
7,2,70,59,48,54,82,32,6,0,30.04,29.89
8,2,73,64,52,57,88,37,12,0,30.01,29.86
9,2,74,66,57,62,88,45,9,0,29.98,29.83
10,2,73,70,54,62,94,39,12,0,29.95,29.83
11,2,72,68,57,63,83,57,9,0,29.95,29.8
12,2,78,70,64,67,94,54,12,0,29.89,29.77
13,2,76,70,54,61,100,37,8,0,29.98,29.86
14,2,75,66,55,61,83,39,9,0,29.98,29.86
15,2,76,68,61,64,88,48,7,0,30.04,29.89
16,2,78,70,59,65,94,45,7,0,30.06,29.92
17,2,78,66,54,59,78,31,12,0,30.06,29.92
18,2,79,64,59,62,78,36,12,0,29.98,29.83
19,2,82,70,55,63,88,29,16,0,29.98,29.8
20,2,83,66,59,63,73,34,14,0,29.92,29.77
21,2,83,72,57,66,83,33,12,0,29.86,29.74
22,2,82,72,50,62,74,27,12,0,29.98,29.8
23,2,80,72,59,64,83,45,12,0,29.95,29.83
24,2,73,68,61,64,83,61,14,0,29.98,29.86
25,2,76,68,59,64,83,45,12,0,30.06,29.89
26,2,78,66,54,62,83,33,12,0,30.09,29.95
27,2,80,68,54,63,78,31,12,0,30.09,29.95
28,2,80,68,57,62,78,37,9,0,30.09,29.95
29,2,80,66,57,62,78,38,9,0,30.09,29.92
1,3,79,64,54,61,78,31,14,0,30.01,29.89
2,3,81,70,61,65,78,43,12,0,30.01,29.86
3,3,82,70,55,63,88,29,12,0,30.04,29.86
4,3,81,70,59,65,83,36,17,0,29.95,29.77
5,3,79,73,63,68,94,55,9,0,29.92,29.77
6,3,80,73,63,68,89,49,46,0,29.95,29.77
7,3,78,66,52,61,83,31,9,0,29.95,29.77
8,3,81,68,57,64,83,33,9,0,29.89,29.74
9,3,84,70,61,64,69,34,12,0,29.86,29.74
10,3,84,73,63,68,83,38,9,0,29.92,29.8
11,3,86,73,50,66,83,20,12,0,29.95,29.77
12,3,85,75,57,67,89,30,14,0,29.86,29.71
13,3,83,75,55,65,83,33,18,0,29.95,29.8
14,3,81,68,57,62,78,31,18,0,29.95,29.83
15,3,81,66,54,59,73,29,12,0,29.92,29.77
16,3,82,72,59,65,83,36,14,0,29.89,29.77
17,3,82,75,34,54,78,13,14,0,29.92,29.8
18,3,81,63,43,56,61,18,9,0,29.89,29.71
19,3,79,72,63,68,89,46,12,0,29.83,29.71
20,3,81,73,68,71,83,62,12,0,29.86,29.71
21,3,85,75,64,71,89,41,14,5,29.8,29.62
22,3,86,75,41,61,84,15,12,0,29.8,29.65
23,3,86,72,41,61,78,16,12,0,29.86,29.71
24,3,84,64,48,56,61,23,12,0,29.95,29.83
25,3,84,72,52,62,89,23,13,0,29.95,29.83
26,3,86,73,52,63,83,23,12,0,29.95,29.77
27,3,85,72,64,68,69,41,18,5,29.95,29.8
28,3,76,73,63,70,88,70,17,6,29.92,29.8
29,3,78,75,63,67,94,45,18,0,29.95,29.77
30,3,81,73,66,69,83,49,17,0,29.95,29.8
31,3,78,79,64,70,94,69,17,0,29.92,29.77
1,4,72,66,61,64,94,54,34,0,29.89,29.77
2,4,74,73,64,69,83,69,10,0,29.89,29.74
3,4,79,75,68,71,94,62,14,0,29.89,29.74
4,4,83,79,72,75,94,62,12,0,29.83,29.62
5,4,84,79,73,76,84,74,23,6,29.77,29.56
6,4,87,79,73,76,89,47,18,6,29.77,29.65
7,4,88,79,72,75,84,49,17,6,29.77,29.65
8,4,88,77,72,75,84,47,15,6,29.83,29.65
9,4,86,79,70,74,84,49,16,0,29.8,29.68
10,4,88,77,68,73,84,41,21,5,29.8,29.65
11,4,89,79,70,75,84,44,23,6,29.71,29.56
12,4,90,77,64,74,84,34,15,5,29.65,29.53
13,4,90,79,63,74,79,32,18,4,29.74,29.53
14,4,89,77,70,75,79,44,23,4,29.71,29.59
15,4,88,79,73,76,79,52,18,6,29.74,29.62
16,4,86,77,72,75,84,49,23,6,29.71,29.53
17,4,89,77,73,76,79,47,17,6,29.74,29.62
18,4,88,77,72,74,79,49,17,6,29.77,29.62
19,4,89,79,70,74,84,46,17,9,29.77,29.59
20,4,89,75,68,73,79,41,23,6,29.8,29.59
21,4,89,77,72,75,79,47,23,5,29.71,29.5
22,4,91,79,70,76,84,41,23,9,29.65,29.47
23,4,91,79,73,76,79,44,21,7,29.56,29.44
24,4,93,79,61,73,79,27,21,6,29.59,29.44
25,4,89,77,66,74,84,37,21,6,29.74,29.56
26,4,90,77,70,74,79,41,23,7,29.8,29.68
27,4,89,79,70,75,84,44,21,6,29.74,29.62
28,4,91,79,72,76,84,42,17,6,29.71,29.59
29,4,90,79,72,75,79,42,14,5,29.74,29.62
30,4,90,77,70,75,79,39,18,6,29.74,29.59
1,5,87,79,63,75,94,47,46,6,29.77,29.56
2,5,80,73,59,67,73,51,17,4,29.77,29.62
3,5,81,79,66,71,100,51,12,0,29.8,29.65
4,5,83,79,61,69,89,36,16,0,29.83,29.65
5,5,86,79,64,72,89,55,16,0,29.86,29.71
6,5,84,77,68,71,83,52,17,0,29.83,29.68
7,5,81,75,68,71,89,52,21,0,29.86,29.71
8,5,84,75,64,71,94,41,17,0,29.86,29.53
9,5,86,77,66,73,84,46,14,0,29.83,29.71
10,5,86,75,68,73,83,44,9,0,29.83,29.68
11,5,88,77,72,74,84,49,12,0,29.77,29.62
12,5,84,77,70,73,94,49,88,0,29.71,29.56
13,5,80,79,68,72,94,58,17,0,29.74,29.59
14,5,82,81,70,73,94,55,17,0,29.8,29.65
15,5,86,81,70,76,89,52,17,5,29.77,29.62
16,5,87,77,70,74,83,47,21,6,29.71,29.56
17,5,88,79,73,76,84,52,21,8,29.68,29.53
18,5,84,81,72,75,89,58,22,0,29.71,29.56
19,5,82,77,72,74,89,66,21,0,29.77,29.62
20,5,82,79,72,74,89,74,17,5,29.68,29.56
21,5,76,75,70,73,94,78,21,0,29.59,29.36
22,5,83,79,70,74,89,62,9,0,29.56,29.44
23,5,86,79,72,75,94,49,9,0,29.59,29.47
24,5,86,81,72,76,94,56,23,0,29.59,29.42
25,5,84,77,68,73,89,56,32,0,29.59,29.44
26,5,84,77,68,72,83,52,14,0,29.62,29.5
27,5,84,75,68,72,89,52,15,0,29.65,29.56
28,5,82,77,72,75,94,70,17,0,29.65,29.56
29,5,84,81,73,76,89,63,18,0,29.65,29.56
30,5,84,77,72,75,89,59,15,0,29.68,29.56
31,5,86,77,73,76,94,59,16,0,29.74,29.59
1,6,82,77,70,74,89,62,10,0,29.71,29.59
2,6,86,77,64,73,89,41,10,0,29.71,29.56
3,6,88,77,70,73,79,46,12,0,29.71,29.59
4,6,88,81,72,75,84,47,14,0,29.74,29.62
5,6,88,79,73,76,79,59,12,4,29.77,29.62
6,6,83,79,73,78,89,74,9,0,29.74,29.62
7,6,82,79,73,76,94,62,16,0,29.71,29.62
8,6,84,77,70,74,83,52,14,5,29.71,29.53
9,6,84,79,73,76,89,62,14,0,29.59,29.47
10,6,86,77,70,75,84,49,12,0,29.53,29.44
11,6,83,79,72,75,94,70,34,0,29.56,29.47
12,6,80,77,70,74,94,70,18,0,29.59,29.47
13,6,81,73,70,72,89,55,14,0,29.62,29.53
14,6,84,77,72,76,89,66,12,0,29.56,29.44
15,6,84,77,75,76,89,66,12,0,29.56,29.44
16,6,86,79,73,77,89,55,12,0,29.56,29.47
17,6,86,79,72,76,89,55,12,0,29.62,29.5
18,6,84,77,72,75,89,59,21,4,29.71,29.59
19,6,88,77,72,76,84,49,23,4,29.71,29.62
20,6,88,77,70,74,84,46,20,5,29.74,29.56
21,6,88,79,72,76,84,47,14,5,29.71,29.59
22,6,86,79,73,76,84,59,12,0,29.71,29.59
23,6,84,79,75,76,89,70,14,0,29.68,29.53
24,6,88,79,73,76,89,52,12,0,29.65,29.47
25,6,88,79,72,76,84,47,9,0,29.68,29.56
26,6,86,79,75,77,94,59,14,0,29.68,29.53
27,6,88,79,73,77,89,55,14,0,29.62,29.5
28,6,90,79,73,76,84,53,14,5,29.65,29.56
29,6,88,79,73,76,84,52,12,0,29.68,29.56
30,6,90,81,75,78,84,56,16,4,29.62,29.5
1,7,86,79,75,77,89,66,14,5,29.56,29.47
2,7,84,79,75,78,89,66,17,6,29.56,29.44
3,7,83,79,75,77,89,74,17,6,29.53,29.44
4,7,84,79,77,77,94,70,14,6,29.59,29.44
5,7,81,79,73,77,89,79,17,7,29.53,29.44
6,7,81,81,73,77,94,79,12,4,29.53,29.44
7,7,86,81,75,78,89,66,12,0,29.53,29.44
8,7,86,79,75,77,89,59,14,6,29.5,29.42
9,7,86,79,75,76,89,59,17,0,29.5,29.42
10,7,86,81,75,77,89,59,14,5,29.5,29.39
11,7,86,79,75,77,89,59,16,6,29.53,29.42
12,7,84,81,75,78,89,66,14,6,29.59,29.5
13,7,84,79,75,78,89,74,12,0,29.59,29.47
14,7,88,81,73,77,89,56,15,4,29.56,29.44
15,7,86,81,73,78,89,70,14,5,29.59,29.47
16,7,81,79,73,77,94,79,18,0,29.74,29.53
17,7,84,81,75,77,94,66,17,5,29.74,29.65
18,7,81,79,77,77,94,79,21,6,29.68,29.56
19,7,82,79,75,77,94,74,12,5,29.62,29.53
20,7,84,79,75,77,89,74,17,0,29.62,29.53
21,7,84,79,75,77,89,62,16,0,29.65,29.59
22,7,82,79,73,77,94,66,14,4,29.71,29.62
23,7,82,77,73,76,94,70,16,0,29.71,29.65
24,7,84,79,72,76,89,59,16,5,29.74,29.65
25,7,82,79,73,77,94,70,18,6,29.8,29.68
26,7,82,77,73,75,94,66,14,0,29.8,29.71
27,7,84,75,72,73,83,55,10,0,29.8,29.65
28,7,88,77,70,75,84,52,12,0,29.71,29.56
29,7,84,79,75,78,84,70,9,0,29.65,29.53
30,7,84,77,72,76,84,58,12,0,29.65,29.5
31,7,84,79,73,76,94,55,12,0,29.62,29.44
1,8,84,79,73,77,94,59,10,0,29.56,29.42
2,8,86,79,73,76,89,55,16,0,29.5,29.39
3,8,86,81,72,76,89,52,17,0,29.5,29.42
4,8,88,77,72,75,84,49,16,4,29.53,29.42
5,8,86,77,73,76,84,59,17,5,29.59,29.47
6,8,86,79,75,77,89,70,14,6,29.62,29.53
7,8,82,77,73,76,94,62,14,6,29.65,29.53
8,8,86,77,73,76,89,59,12,6,29.62,29.47
9,8,83,77,73,75,89,70,17,5,29.53,29.47
10,8,80,77,73,76,94,79,21,9,29.56,29.44
11,8,82,79,70,77,100,66,15,6,29.62,29.53
12,8,84,79,75,77,94,62,12,5,29.62,29.53
13,8,84,81,75,77,94,66,12,0,29.59,29.47
14,8,84,81,75,78,94,66,9,0,29.59,29.44
15,8,86,79,73,76,89,52,12,0,29.5,29.33
16,8,84,79,75,77,94,62,34,0,29.44,29.3
17,8,82,77,73,74,89,62,16,6,29.47,29.36
18,8,86,79,75,77,89,66,14,6,29.56,29.47
19,8,86,79,73,75,84,52,12,0,29.62,29.5
20,8,86,79,75,77,84,62,9,0,29.59,29.5
21,8,81,81,73,77,89,79,23,0,29.65,29.42
22,8,83,75,72,73,94,55,14,0,29.71,29.62
23,8,84,77,72,74,89,55,9,0,29.71,29.59
24,8,86,79,73,76,84,55,14,0,29.65,29.5
25,8,86,82,73,77,89,53,16,0,29.71,29.53
26,8,84,81,75,78,94,70,12,0,29.74,29.59
27,8,86,79,73,77,84,59,12,0,29.77,29.62
28,8,82,81,75,77,94,70,21,0,29.8,29.62
29,8,86,81,73,77,84,55,10,0,29.71,29.56
30,8,86,79,73,77,89,59,12,0,29.68,29.53
31,8,86,79,73,77,84,59,15,5,29.71,29.59
1,9,84,81,75,78,89,66,17,4,29.68,29.56
2,9,84,79,77,78,89,70,14,0,29.62,29.47
3,9,84,81,75,77,94,70,12,0,29.59,29.44
4,9,84,79,73,76,89,62,14,0,29.59,29.5
5,9,84,79,75,77,94,70,14,5,29.59,29.47
6,9,84,81,75,77,84,70,16,0,29.59,29.5
7,9,84,79,75,76,89,62,14,5,29.62,29.56
8,9,86,79,72,76,89,55,14,5,29.71,29.59
9,9,86,79,73,76,89,55,12,0,29.74,29.59
10,9,86,79,75,77,89,66,12,0,29.74,29.59
11,9,84,79,75,77,89,66,12,0,29.71,29.59
12,9,81,79,75,77,94,79,9,0,29.74,29.62
13,9,79,77,73,76,94,83,8,0,29.77,29.65
14,9,84,79,73,76,89,62,12,0,29.8,29.65
15,9,86,79,72,75,89,55,8,0,29.74,29.59
16,9,88,79,75,76,84,56,21,0,29.74,29.59
17,9,88,79,73,77,89,56,12,0,29.71,29.59
18,9,86,79,75,77,89,62,9,0,29.74,29.62
19,9,81,79,75,77,94,84,12,0,29.71,29.59
20,9,81,79,73,76,94,74,16,0,29.74,29.59
21,9,82,79,75,77,94,70,9,0,29.83,29.71
22,9,86,79,75,77,89,66,14,0,29.83,29.68
23,9,86,81,72,75,84,49,17,0,29.77,29.62
24,9,84,79,75,77,89,70,12,0,29.71,29.59
25,9,84,81,73,77,89,59,12,0,29.74,29.59
26,9,82,79,75,76,94,66,12,0,29.77,29.65
27,9,84,79,72,76,89,52,9,0,29.77,29.62
28,9,83,81,75,78,94,74,12,0,29.77,29.62
29,9,86,79,73,77,89,59,12,0,29.71,29.59
30,9,86,79,72,75,89,52,9,0,29.71,29.59
1,10,84,79,72,76,94,55,16,0,29.77,29.65
2,10,86,81,75,77,89,62,7,0,29.86,29.71
3,10,86,79,73,77,84,59,98,0,29.8,29.59
4,10,88,82,72,77,89,47,12,0,29.74,29.56
5,10,84,77,72,75,89,66,7,0,29.71,29.59
6,10,83,79,73,75,89,66,9,0,29.77,29.62
7,10,84,81,73,77,89,66,10,0,29.8,29.65
8,10,82,79,75,77,94,70,9,0,29.8,29.65
9,10,84,79,75,76,89,66,12,0,29.74,29.62
10,10,84,79,73,76,84,66,17,0,29.71,29.59
11,10,80,77,72,74,89,74,21,5,29.71,29.59
12,10,81,75,73,74,94,66,12,0,29.71,29.59
13,10,84,75,70,73,89,55,7,0,29.8,29.68
14,10,82,75,66,72,89,49,10,0,29.83,29.71
15,10,84,73,68,71,83,46,9,0,29.83,29.71
16,10,84,73,64,70,89,41,14,0,29.83,29.71
17,10,85,75,68,73,83,46,10,0,29.8,29.65
18,10,86,77,70,74,84,49,9,0,29.77,29.62
19,10,88,77,70,73,89,44,9,0,29.74,29.62
20,10,86,73,63,70,79,40,9,0,29.74,29.62
21,10,84,73,64,69,79,41,9,0,29.77,29.62
22,10,84,72,63,69,78,45,9,0,29.8,29.68
23,10,81,79,52,67,79,27,12,0,29.8,29.65
24,10,83,73,55,66,83,31,12,0,29.74,29.62
25,10,84,73,63,70,83,38,6,0,29.74,29.62
26,10,82,75,64,71,83,46,9,0,29.83,29.71
27,10,80,77,73,74,94,74,12,0,29.95,29.8
28,10,80,75,72,73,89,66,7,0,29.92,29.8
29,10,82,75,68,73,89,55,9,0,29.89,29.77
30,10,83,75,68,72,89,52,9,0,29.92,29.8
31,10,83,77,68,73,89,52,13,0,30.01,29.86
1,11,84,77,68,72,84,46,8,0,29.92,29.8
2,11,86,75,66,71,84,43,9,0,29.95,29.8
3,11,86,75,68,73,84,46,14,0,29.95,29.8
4,11,78,77,70,73,94,74,12,0,29.92,29.8
5,11,75,73,70,72,94,83,12,0,29.83,29.68
6,11,73,72,66,69,94,74,12,5,29.77,29.68
7,11,76,72,66,69,88,58,7,0,29.83,29.71
8,11,78,72,66,69,88,58,0,0,29.89,29.8
9,11,78,72,61,67,88,45,6,0,29.92,29.8
10,11,76,70,61,66,94,48,7,0,29.92,29.77
11,11,76,72,59,64,88,45,29,0,29.92,29.83
12,11,76,70,59,65,88,42,0,0,29.98,29.86
13,11,78,70,59,65,83,42,7,0,30.04,29.89
14,11,78,70,55,64,88,35,12,0,29.98,29.86
15,11,78,68,54,63,88,35,12,0,29.98,29.83
16,11,78,70,61,64,88,43,9,0,30.01,29.86
17,11,76,66,57,62,78,40,12,0,29.98,29.86
18,11,75,66,55,62,88,39,8,0,29.95,29.83
19,11,76,66,55,62,78,39,7,0,29.89,29.77
20,11,76,66,57,62,88,42,6,0,29.95,29.8
21,11,75,66,55,61,88,39,8,0,29.92,29.77
22,11,75,64,50,60,88,34,12,0,29.92,29.77
23,11,74,66,57,61,88,45,7,0,29.92,29.8
24,11,75,66,57,62,83,45,5,0,29.95,29.8
25,11,74,68,57,63,94,42,7,0,29.92,29.74
26,11,75,70,55,64,88,42,9,0,29.92,29.77
27,11,76,66,55,62,83,42,7,0,29.92,29.74
28,11,75,68,59,63,88,45,7,0,29.92,29.8
29,11,75,70,55,63,94,44,9,0,29.98,29.86
30,11,75,64,57,62,83,42,7,0,30.04,29.89
1,12,76,68,57,64,83,42,6,0,30.04,29.89
2,12,76,66,57,63,83,45,8,0,30.04,29.92
3,12,76,66,55,62,88,37,9,0,30.06,29.95
4,12,76,66,55,62,83,39,8,0,30.04,29.92
5,12,73,66,59,63,94,48,9,0,30.01,29.89
6,12,73,66,55,62,94,42,8,0,30.04,29.89
7,12,74,64,50,60,94,30,7,0,30.01,29.83
8,12,74,64,54,59,88,35,8,0,29.95,29.83
9,12,74,64,54,61,83,35,12,0,29.92,29.77
10,12,71,63,54,59,88,39,12,0,29.89,29.77
11,12,71,64,57,60,94,42,8,0,29.92,29.77
12,12,72,61,54,58,88,37,12,0,29.92,29.8
13,12,70,61,52,58,88,39,12,0,29.95,29.83
14,12,69,61,52,58,94,41,12,0,29.98,29.86
15,12,69,64,50,58,88,39,8,0,29.98,29.83
16,12,70,63,54,59,94,44,6,0,29.98,29.86
17,12,71,64,55,59,94,42,12,0,29.98,29.86
18,12,71,64,55,60,88,45,8,0,30.04,29.92
19,12,71,66,55,61,94,47,9,0,29.98,29.86
20,12,70,63,52,58,88,39,12,0,29.98,29.83
21,12,70,66,50,59,88,36,8,0,29.98,29.86
22,12,71,66,57,61,94,47,7,0,29.95,29.83
23,12,72,72,57,62,94,45,9,0,29.89,29.8
24,12,73,66,57,62,94,45,5,0,29.92,29.8
25,12,74,68,52,62,88,45,7,0,30.01,29.83
26,12,74,68,61,64,88,51,9,0,29.95,29.8
27,12,72,64,55,61,94,42,9,0,30.04,29.86
28,12,68,64,55,62,94,47,10,0,30.01,29.89
29,12,69,64,55,61,94,44,10,0,30.01,29.89
30,12,71,64,52,60,94,41,7,0,30.01,29.92
31,12,68,63,54,59,100,50,6,0,30.04,29.89
1,1,69,63,54,59,94,42,7,0,30.06,29.92
2,1,70,66,55,60,94,42,7,0,30.01,29.92
3,1,71,63,57,59,88,45,9,0,29.98,29.86
4,1,69,63,52,57,88,39,12,0,29.98,29.83
5,1,68,68,54,60,94,65,12,0,29.98,29.83
6,1,68,64,57,60,94,57,14,0,29.98,29.86
7,1,67,63,50,56,94,39,9,0,29.95,29.8
8,1,70,61,50,56,94,39,12,0,29.92,29.83
9,1,69,63,52,55,83,39,12,0,29.92,29.83
10,1,69,63,50,56,82,44,16,0,29.95,29.83
11,1,68,59,52,55,88,41,9,0,29.98,29.86
12,1,69,57,52,55,88,39,12,4,29.98,29.83
13,1,68,55,43,50,82,36,14,4,30.01,29.89
14,1,64,52,37,44,63,29,12,0,30.04,29.92
15,1,66,63,45,52,88,41,12,0,30.04,29.92
16,1,67,55,46,51,82,36,12,0,30.04,29.89
17,1,66,63,45,52,88,32,12,0,30.04,29.92
18,1,68,59,50,54,94,36,9,0,30.12,29.98
19,1,68,59,50,54,88,34,12,0,30.09,29.95
20,1,68,57,46,54,82,36,9,0,30.09,29.95
21,1,68,57,48,54,82,36,9,0,30.09,29.95
22,1,70,61,50,56,94,32,9,0,30.09,29.95
23,1,70,59,52,55,82,37,12,0,30.06,29.92
24,1,70,61,46,56,82,30,9,0,30.09,29.95
25,1,72,64,50,59,88,34,7,0,30.09,29.95
26,1,74,59,46,56,88,25,8,0,30.09,29.92
27,1,71,68,55,59,83,42,10,0,29.98,29.92
28,1,71,64,55,60,88,44,12,0,30.01,29.86
29,1,69,59,46,54,82,34,15,0,30.04,29.92
30,1,69,59,46,55,88,34,9,0,30.01,29.86
31,1,70,59,46,55,88,34,9,0,30.01,29.86
1,2,70,61,48,56,88,32,12,0,30.04,29.92
2,2,70,59,50,55,83,34,14,0,30.09,29.95
3,2,69,63,54,58,83,42,10,0,30.06,29.89
4,2,72,63,50,58,88,34,9,0,29.98,29.86
5,2,74,63,52,56,83,29,12,0,29.98,29.83
6,2,76,63,46,56,83,25,9,0,29.92,29.77
7,2,76,63,52,57,83,31,12,0,29.98,29.8
8,2,74,59,48,53,73,29,12,0,30.01,29.86
9,2,74,64,46,55,83,29,12,0,29.95,29.83
10,2,73,61,48,55,77,29,12,0,29.95,29.83
11,2,73,64,52,58,83,35,9,0,30.04,29.92
12,2,75,59,52,56,73,33,9,0,30.06,29.98
13,2,76,57,43,52,64,23,10,0,30.12,29.98
14,2,77,64,52,58,83,31,7,0,30.12,30.01
15,2,76,64,48,58,83,27,12,0,30.12,29.98
16,2,76,64,48,58,83,27,10,0,30.06,29.92
17,2,75,63,54,58,83,37,9,0,30.04,29.89
18,2,76,64,54,59,83,35,10,0,30.04,29.89
19,2,76,64,52,59,78,33,8,0,29.98,29.8
20,2,76,70,61,66,83,54,12,0,29.83,29.68
21,2,78,72,63,67,83,43,17,8,29.83,29.71
22,2,78,70,61,66,83,45,14,5,29.86,29.74
23,2,78,72,52,63,89,33,14,0,29.92,29.8
24,2,77,57,46,53,64,25,12,0,30.01,29.86
25,2,77,59,46,54,73,25,12,0,29.98,29.83
26,2,76,61,46,53,78,25,12,0,29.89,29.77
27,2,76,64,46,55,83,25,14,0,30.04,29.83
28,2,75,63,50,55,78,30,17,0,29.98,29.8
1,3,78,59,46,54,68,25,9,0,29.95,29.8
2,3,78,64,48,59,83,24,12,0,29.92,29.74
3,3,81,68,54,62,83,29,12,0,29.8,29.68
4,3,78,66,50,62,78,30,12,0,29.86,29.71
5,3,80,72,61,67,89,45,18,0,29.83,29.65
6,3,76,68,59,65,88,42,9,0,29.83,29.71
7,3,78,72,59,65,94,40,9,0,29.86,29.74
8,3,76,66,55,62,83,42,14,0,29.83,29.68
9,3,72,64,59,62,83,51,9,0,29.86,29.68
10,3,79,72,61,66,88,40,17,0,29.83,29.62
11,3,73,72,64,67,88,69,12,0,29.83,29.71
12,3,78,70,54,63,88,35,12,0,29.86,29.74
13,3,77,63,39,55,83,19,12,0,29.98,29.83
14,3,77,63,36,53,73,18,14,0,29.98,29.86
15,3,78,59,48,53,68,25,12,0,29.98,29.83
16,3,76,63,46,55,73,25,14,0,29.92,29.77
17,3,78,63,43,55,73,20,10,0,29.86,29.71
18,3,76,70,59,64,88,42,14,0,29.89,29.74
19,3,75,64,48,59,88,29,9,0,29.92,29.83
20,3,70,64,57,62,88,68,17,0,29.98,29.83
21,3,72,63,55,59,83,44,12,0,29.98,29.86
22,3,76,64,55,61,83,35,10,0,29.92,29.8
23,3,78,70,63,66,83,48,9,0,29.89,29.77
24,3,80,70,59,66,83,38,12,0,29.86,29.74
25,3,74,73,59,66,94,57,23,0,29.95,29.77
26,3,76,73,61,67,83,49,9,0,29.92,29.77
27,3,81,73,68,70,83,55,14,0,29.92,29.77
28,3,80,73,70,72,89,66,12,0,29.89,29.74
29,3,78,75,70,72,88,66,14,0,29.83,29.68
30,3,84,75,70,73,84,55,18,6,29.83,29.62
31,3,86,77,70,73,84,49,17,6,29.86,29.71
1,4,85,75,68,72,84,46,17,6,29.83,29.65
2,4,84,75,70,73,84,52,21,8,29.77,29.62
3,4,84,75,63,72,79,55,23,0,29.77,29.65
4,4,81,73,64,68,78,59,14,5,29.86,29.68
5,4,78,75,64,70,94,66,17,5,29.83,29.74
6,4,76,73,63,69,88,62,12,4,29.86,29.71
7,4,83,77,68,73,89,49,12,0,29.83,29.68
8,4,86,77,72,74,79,52,14,4,29.83,29.68
9,4,86,81,72,75,83,59,12,0,29.83,29.65
10,4,88,77,59,71,84,32,12,4,29.8,29.62
11,4,88,77,55,68,79,26,12,0,29.77,29.62
12,4,86,75,66,71,89,39,12,0,29.83,29.68
13,4,86,73,59,68,79,30,9,0,29.83,29.68
14,4,86,72,59,68,83,32,12,0,29.86,29.68
15,4,86,73,64,70,83,38,18,5,29.77,29.59
16,4,80,68,59,65,83,38,14,4,29.8,29.65
17,4,85,72,61,65,78,32,12,0,29.77,29.65
18,4,85,77,66,71,78,46,14,0,29.8,29.65
19,4,83,81,68,74,94,46,18,5,29.77,29.53
20,4,78,72,68,70,94,58,18,0,29.8,29.65
21,4,78,73,68,71,89,70,17,5,29.77,29.62
22,4,72,73,66,70,94,83,14,4,29.8,29.65
23,4,76,75,68,70,94,70,25,0,29.77,29.62
24,4,74,72,68,69,94,78,24,0,29.8,29.59
25,4,82,81,70,74,94,63,16,6,29.77,29.53
26,4,83,77,68,74,84,59,16,4,29.74,29.62
27,4,86,77,73,75,89,52,16,5,29.8,29.68
28,4,86,77,73,76,89,52,14,0,29.8,29.65
29,4,82,79,66,72,94,52,40,5,29.86,29.68
30,4,82,77,66,72,94,55,29,5,29.83,29.68
1,5,81,75,64,69,94,41,21,0,29.95,29.71
2,5,80,75,64,69,94,43,15,0,29.92,29.77
3,5,86,75,68,72,89,44,12,0,29.86,29.74
4,5,86,77,68,72,89,44,21,0,29.86,29.71
5,5,86,77,68,74,84,44,14,4,29.8,29.65
6,5,84,79,70,75,89,52,17,5,29.86,29.71
7,5,84,75,70,73,89,49,14,6,29.86,29.71
8,5,86,75,70,73,79,46,12,0,29.86,29.68
9,5,82,77,70,74,89,66,23,0,29.83,29.68
10,5,84,77,70,73,84,52,9,0,29.86,29.71
11,5,88,77,66,74,84,41,12,0,29.83,29.71
12,5,86,77,72,75,89,52,12,0,29.83,29.65
13,5,84,79,73,75,89,59,12,0,29.77,29.59
14,5,84,79,70,74,84,59,12,0,29.71,29.56
15,5,81,79,70,74,94,62,18,0,29.65,29.53
16,5,78,73,68,71,94,62,21,5,29.71,29.5
17,5,83,77,72,75,89,62,21,0,29.65,29.53
18,5,84,77,70,74,89,52,12,0,29.68,29.53
19,5,88,79,72,76,89,55,18,0,29.71,29.59
20,5,88,81,72,76,89,49,14,0,29.68,29.53
21,5,88,81,73,77,84,53,14,0,29.68,29.53
22,5,89,81,72,77,84,47,101,5,29.68,29.56
23,5,89,81,72,77,89,47,12,0,29.71,29.56
24,5,91,81,75,78,84,53,12,4,29.71,29.56
25,5,90,81,72,77,84,47,14,5,29.68,29.53
26,5,86,79,75,77,84,56,14,0,29.68,29.59
27,5,86,79,73,76,89,56,8,0,29.68,29.53
28,5,88,79,73,76,89,59,9,0,29.62,29.47
29,5,88,81,73,76,84,52,12,0,29.56,29.42
30,5,82,79,73,76,89,74,12,0,29.5,29.33
31,5,86,79,72,76,84,59,21,0,29.65,29.47
1,6,81,81,73,75,89,83,14,4,29.62,29.56
2,6,84,77,72,74,89,59,25,4,29.71,29.53
3,6,85,81,59,77,89,32,16,5,29.62,29.44
4,6,86,82,63,77,84,43,16,6,29.62,29.5
5,6,82,81,72,74,94,70,29,0,29.65,29.47
6,6,85,77,70,75,89,56,9,0,29.68,29.56
7,6,88,81,75,77,84,53,9,0,29.68,29.53
8,6,88,81,73,77,84,56,10,0,29.62,29.5
9,6,86,81,73,76,84,66,9,0,29.62,29.47
10,6,88,79,75,76,84,50,12,0,29.59,29.44
11,6,83,79,73,76,94,66,15,0,29.53,29.39
12,6,78,77,73,76,94,89,18,8,29.44,29.27
13,6,83,79,73,76,94,59,14,4,29.59,29.42
14,6,84,82,75,79,94,66,12,0,29.68,29.56
15,6,84,81,73,76,89,59,12,5,29.68,29.53
16,6,80,79,73,76,94,79,14,0,29.59,29.5
17,6,84,77,73,76,89,66,17,0,29.62,29.5
18,6,86,81,75,78,94,63,16,4,29.59,29.44
19,6,80,81,72,75,94,83,16,4,29.59,29.47
20,6,83,77,73,75,89,62,9,0,29.59,29.47
21,6,84,77,73,75,89,66,17,0,29.56,29.47
22,6,84,81,75,77,89,74,14,0,29.59,29.5
23,6,86,77,73,75,89,55,9,0,29.59,29.44
24,6,86,79,70,75,84,49,12,5,29.56,29.44
25,6,84,77,73,75,79,59,18,5,29.56,29.47
26,6,84,77,75,76,89,62,17,5,29.59,29.5
27,6,86,79,75,76,89,59,14,4,29.62,29.5
28,6,86,81,75,77,84,66,14,4,29.65,29.53
29,6,86,81,73,77,89,66,13,0,29.62,29.47
30,6,84,81,73,77,84,66,14,6,29.53,29.42
1,7,84,81,75,78,89,66,16,6,29.5,29.42
2,7,83,81,75,78,89,79,14,4,29.5,29.42
3,7,82,81,77,78,94,84,12,0,29.5,29.44
4,7,81,79,75,78,94,79,17,0,29.53,29.44
5,7,81,79,75,77,94,84,13,0,29.56,29.47
6,7,84,79,75,77,89,66,14,0,29.59,29.47
7,7,84,81,77,78,89,70,12,0,29.62,29.5
8,7,84,79,73,77,89,66,14,0,29.62,29.53
9,7,86,79,73,76,84,59,13,0,29.65,29.56
10,7,82,79,75,77,89,74,14,5,29.68,29.59
11,7,82,81,75,77,94,84,12,0,29.62,29.56
12,7,82,81,73,76,94,70,12,0,29.65,29.53
13,7,84,77,75,76,89,62,14,0,29.62,29.53
14,7,86,77,73,76,89,55,9,4,29.62,29.5
15,7,86,81,68,75,84,46,12,0,29.62,29.47
16,7,88,79,72,76,89,49,9,0,29.56,29.42
17,7,88,79,75,78,89,59,21,0,29.53,29.42
18,7,86,81,73,77,89,59,12,0,29.56,29.44
19,7,81,81,75,78,94,79,14,6,29.59,29.47
20,7,80,79,75,77,94,84,17,0,29.56,29.44
21,7,80,79,75,77,94,74,12,0,29.59,29.47
22,7,84,79,75,76,89,62,14,4,29.59,29.47
23,7,84,79,75,76,94,62,12,5,29.56,29.44
24,7,80,81,75,78,94,84,20,5,29.53,29.42
25,7,80,77,75,76,94,84,16,6,29.59,29.44
26,7,80,79,75,77,94,79,9,0,29.65,29.53
27,7,86,79,75,77,89,63,12,0,29.68,29.56
28,7,86,81,75,77,84,56,12,0,29.68,29.56
29,7,82,81,73,78,94,70,7,0,29.71,29.56
30,7,86,81,75,77,89,66,14,0,29.68,29.53
31,7,86,81,75,78,94,56,14,0,29.65,29.53
1,8,86,81,75,78,89,66,12,0,29.62,29.53
2,8,82,81,75,77,94,75,12,0,29.59,29.47
3,8,86,81,75,78,89,71,12,0,29.56,29.39
4,8,84,81,73,77,94,59,9,0,29.5,29.39
5,8,86,81,75,77,89,59,14,0,29.53,29.44
6,8,84,79,75,77,100,66,12,5,29.62,29.5
7,8,84,79,75,77,89,59,14,6,29.71,29.59
8,8,86,79,75,77,84,63,14,5,29.71,29.59
9,8,88,81,75,77,84,63,12,6,29.71,29.59
10,8,86,82,75,78,84,75,23,7,29.65,29.53
11,8,83,81,77,79,94,84,21,0,29.62,29.53
12,8,81,81,75,78,94,89,14,0,29.68,29.56
13,8,84,81,73,76,89,63,9,0,29.74,29.62
14,8,81,81,73,78,94,83,9,0,29.77,29.65
15,8,84,82,77,78,89,75,10,0,29.71,29.56
16,8,82,79,75,77,94,74,9,0,29.65,29.5
17,8,84,79,73,76,89,59,12,0,29.59,29.24
18,8,86,79,75,77,89,62,12,5,29.68,29.56
19,8,86,77,73,75,89,52,14,4,29.74,29.62
20,8,86,81,73,76,84,55,12,0,29.74,29.59
21,8,86,77,75,76,84,59,12,0,29.71,29.56
22,8,84,79,73,76,94,59,12,0,29.71,29.53
23,8,84,79,75,77,94,66,12,0,29.71,29.53
24,8,86,82,75,77,89,62,12,0,29.71,29.53
25,8,86,81,75,78,89,67,12,0,29.65,29.5
26,8,86,77,75,77,84,59,12,0,29.59,29.47
27,8,84,79,73,76,89,59,12,0,29.65,29.5
28,8,84,79,75,76,89,62,14,5,29.68,29.59
29,8,84,77,75,76,84,66,12,0,29.74,29.62
30,8,86,79,75,77,89,66,9,0,29.74,29.62
31,8,82,79,75,78,94,79,12,0,29.77,29.62
1,9,86,79,72,76,89,58,12,0,29.71,29.59
2,9,84,79,75,78,94,70,12,4,29.68,29.53
3,9,88,82,75,79,89,56,18,0,29.71,29.59
4,9,88,81,73,77,89,56,14,0,29.74,29.62
5,9,88,81,73,77,84,59,12,0,29.77,29.59
6,9,86,79,73,77,84,62,110,0,29.77,29.62
7,9,86,79,73,76,84,62,9,0,29.77,29.65
8,9,88,79,75,77,84,56,14,0,29.8,29.65
9,9,88,79,75,77,84,63,14,0,29.77,29.62
10,9,83,79,75,77,94,70,14,0,29.8,29.68
11,9,78,77,73,75,94,83,14,0,29.83,29.71
12,9,84,77,75,76,89,66,12,4,29.83,29.68
13,9,86,79,75,77,84,66,12,0,29.83,29.68
14,9,86,79,75,76,89,59,9,0,29.83,29.65
15,9,88,81,75,78,89,63,9,0,29.74,29.59
16,9,88,79,70,76,84,49,10,0,29.74,29.53
17,9,84,81,72,77,94,55,21,0,29.68,29.56
18,9,86,77,72,75,89,52,17,0,29.71,29.53
19,9,82,79,75,77,89,75,12,0,29.68,29.56
20,9,82,81,73,77,94,70,14,0,29.77,29.62
21,9,84,79,75,77,89,66,14,0,29.77,29.65
22,9,88,77,73,76,84,52,12,0,29.8,29.65
23,9,88,81,73,76,84,55,9,0,29.83,29.68
24,9,88,81,75,78,84,59,9,0,29.8,29.62
25,9,88,81,75,78,84,59,7,0,29.74,29.59
26,9,86,81,75,78,89,62,8,0,29.77,29.62
27,9,86,82,75,78,94,70,14,0,29.8,29.65
28,9,84,81,75,78,94,66,21,0,29.74,29.59
29,9,80,79,75,77,94,84,26,0,29.8,29.5
30,9,84,79,75,76,94,62,12,0,29.86,29.74
1,10,82,79,72,76,94,66,10,0,29.86,29.74
2,10,84,77,73,75,89,55,7,0,29.83,29.68
3,10,86,81,73,76,84,59,14,0,29.83,29.68
4,10,88,81,75,77,89,59,8,0,29.83,29.68
5,10,88,81,75,77,84,56,10,0,29.8,29.65
6,10,86,79,72,76,89,63,8,0,29.8,29.68
7,10,84,81,73,76,94,59,9,4,29.83,29.68
8,10,82,79,73,75,89,62,15,4,29.8,29.68
9,10,81,77,73,74,89,70,12,5,29.8,29.68
10,10,84,77,72,74,89,52,12,0,29.8,29.65
11,10,86,77,72,74,89,49,12,0,29.74,29.65
12,10,86,79,73,76,89,52,12,0,29.77,29.62
13,10,86,77,72,75,84,49,9,0,29.77,29.62
14,10,86,79,72,75,84,49,12,5,29.77,29.59
15,10,86,79,73,76,89,56,8,0,29.77,29.62
16,10,86,79,73,76,89,59,8,0,29.77,29.62
17,10,86,79,72,75,89,52,9,0,29.77,29.62
18,10,86,79,73,75,89,55,14,0,29.8,29.68
19,10,82,77,73,75,94,66,17,0,29.86,29.71
20,10,76,77,73,74,94,83,16,0,29.86,29.74
21,10,76,75,70,74,100,83,25,12,29.71,29.44
22,10,78,73,70,71,94,62,17,0,29.8,29.59
23,10,82,75,68,72,89,49,9,0,29.86,29.71
24,10,82,75,70,73,94,55,17,0,29.92,29.83
25,10,80,75,68,72,89,55,7,0,30.04,29.89
26,10,83,75,68,72,89,52,8,0,30.04,29.92
27,10,81,73,66,70,89,52,9,0,29.98,29.86
28,10,81,75,66,69,89,51,7,0,29.98,29.86
29,10,79,70,63,67,83,43,7,0,30.01,29.89
30,10,74,72,63,67,88,69,9,0,30.04,29.71
31,10,75,66,63,65,88,51,7,0,30.01,29.86
1,11,76,70,63,66,88,48,6,0,30.01,29.86
2,11,79,68,64,67,88,46,9,0,29.95,29.8
3,11,80,70,64,67,83,46,9,0,29.95,29.83
4,11,81,84,64,68,84,43,12,0,29.98,29.83
5,11,82,70,66,68,83,49,10,0,29.98,29.83
6,11,81,72,66,68,83,46,9,0,29.95,29.83
7,11,80,70,63,67,88,40,7,0,29.98,29.83
8,11,81,72,63,67,83,40,7,0,29.98,29.83
9,11,79,70,59,67,88,45,9,0,29.95,29.8
10,11,80,70,34,65,83,16,9,0,29.95,29.8
11,11,78,70,61,65,83,40,7,0,29.98,29.83
12,11,79,70,61,65,83,40,9,0,29.89,29.77
13,11,81,66,61,65,78,43,8,0,29.89,29.74
14,11,80,68,64,66,73,48,7,0,29.92,29.77
15,11,74,72,52,67,89,41,9,0,29.95,29.83
16,11,74,70,64,67,88,69,9,0,29.95,29.86
17,11,78,73,68,71,89,62,10,0,29.92,29.8
18,11,81,73,68,71,89,52,8,0,29.92,29.83
19,11,81,75,66,70,94,49,9,0,29.95,29.83
20,11,79,72,63,67,88,43,9,0,29.98,29.83
21,11,76,70,55,63,94,42,14,0,29.98,29.83
22,11,72,64,57,60,88,42,14,4,29.92,29.77
23,11,72,64,57,61,83,48,12,4,29.92,29.77
24,11,74,64,61,63,88,48,12,4,29.95,29.83
25,11,75,63,55,60,83,37,8,0,30.01,29.89
26,11,74,63,50,59,88,32,8,0,30.04,29.89
27,11,74,68,57,62,88,40,10,0,29.98,29.83
28,11,74,72,59,63,88,45,7,0,29.98,29.86
29,11,72,68,63,65,94,61,8,0,30.04,29.92
30,11,74,68,57,63,94,51,7,0,30.01,29.86
1,12,73,70,57,61,94,42,6,0,30.01,29.86
2,12,73,64,57,60,94,40,8,0,30.04,29.89
3,12,74,66,55,60,88,39,6,0,30.01,29.89
4,12,73,66,55,61,88,42,7,0,29.98,29.83
5,12,73,64,55,60,88,39,8,0,29.98,29.83
6,12,72,63,52,58,94,39,7,0,29.95,29.83
7,12,72,63,55,59,88,39,10,0,29.95,29.86
8,12,72,64,59,61,83,57,6,0,29.95,29.89
9,12,70,70,61,66,94,69,12,4,29.98,29.86
10,12,72,70,66,69,94,83,14,4,29.95,29.83
11,12,74,72,68,69,89,78,10,2,29.95,29.83
12,12,76,72,59,66,94,45,8,0,30.01,29.89
13,12,75,73,63,67,94,61,7,0,30.04,29.89
14,12,74,73,59,64,94,48,12,0,30.06,29.95
15,12,71,64,55,60,94,44,10,0,30.06,29.95
16,12,68,63,54,57,88,44,7,0,30.06,29.95
17,12,68,68,57,63,94,65,7,0,30.12,29.98
18,12,70,66,59,63,94,65,8,4,30.12,29.98
19,12,66,64,61,62,94,78,10,0,30.12,30.01
20,12,70,70,61,63,94,78,6,0,30.15,30.01
21,12,68,63,57,60,94,50,7,0,30.15,30.01
22,12,71,68,59,62,94,51,6,0,30.06,29.95
23,12,70,68,59,62,94,54,6,0,30.01,29.89
24,12,72,70,59,63,94,51,7,0,30.01,29.89
25,12,71,66,59,62,94,48,7,0,30.01,29.86
26,12,71,66,59,62,94,51,10,0,30.01,29.89
27,12,71,64,59,62,94,51,9,0,30.04,29.92
28,12,70,72,59,63,94,65,9,0,30.04,29.92
29,12,71,72,59,62,94,54,7,0,30.06,29.95
30,12,73,66,57,62,94,51,8,4,30.04,29.89
31,12,72,75,54,58,88,39,8,0,30.01,29.83
1,1,68,64,54,58,88,42,7,0,29.98,29.83
2,1,71,64,59,61,88,51,9,4,29.92,29.8
3,1,68,63,48,56,94,39,13,5,29.95,29.83
4,1,64,57,48,52,88,50,9,4,30.01,29.89
5,1,61,64,50,54,94,53,8,4,29.98,29.83
6,1,64,59,43,51,94,35,9,2,29.95,29.83
7,1,60,55,45,49,94,43,10,2,30.01,29.89
8,1,57,54,45,48,87,56,12,0,30.06,29.95
9,1,62,57,45,51,94,46,8,4,30.09,29.95
10,1,61,57,45,50,94,43,7,4,30.09,29.95
11,1,58,61,48,54,94,77,12,4,30.06,29.92
12,1,61,61,50,54,94,60,7,2,30.04,29.89
13,1,62,61,52,56,100,64,7,0,30.04,29.86
14,1,62,61,54,56,94,78,8,0,30.04,29.92
15,1,61,61,52,54,94,56,6,0,30.04,29.86
16,1,65,63,52,55,94,47,9,0,30.01,29.83
17,1,66,64,52,58,94,54,9,0,30.01,29.86
18,1,68,63,55,58,94,48,8,0,30.01,29.86
19,1,68,63,54,57,88,51,9,4,30.01,29.89
20,1,66,61,50,55,94,50,8,0,30.01,29.86
21,1,65,66,50,56,94,47,9,0,30.01,29.86
22,1,66,64,54,57,94,47,8,0,29.98,29.83
23,1,70,68,57,60,94,51,8,0,29.92,29.8
24,1,70,75,54,59,94,51,9,0,29.89,29.77
25,1,68,61,52,56,94,44,7,0,29.89,29.77
26,1,68,59,52,54,82,39,12,0,29.95,29.83
27,1,67,55,46,53,82,41,12,0,29.98,29.86
28,1,66,64,48,53,88,47,9,0,30.04,29.89
29,1,66,61,48,53,88,36,10,0,30.04,29.89
30,1,68,61,50,54,94,41,9,0,30.01,29.83
31,1,68,66,52,58,94,54,12,0,29.95,29.8
1,2,70,61,52,55,88,39,8,0,29.98,29.8
2,2,70,66,52,60,94,57,7,0,29.98,29.86
3,2,69,66,59,62,94,57,6,0,30.01,29.86
4,2,71,63,55,60,94,42,8,0,29.98,29.86
5,2,76,68,63,65,83,58,7,0,30.09,29.95
6,2,75,73,54,63,94,42,9,0,30.04,29.86
7,2,73,68,57,60,94,40,10,0,29.95,29.8
8,2,74,61,54,57,77,39,9,0,29.95,29.8
9,2,72,61,52,56,78,39,7,0,29.95,29.83
10,2,76,70,55,61,94,42,10,4,30.04,29.92
11,2,74,57,48,54,77,30,12,0,30.09,29.98
12,2,74,63,52,57,82,29,9,0,30.12,29.95
13,2,76,61,55,58,77,33,12,4,30.12,30.01
14,2,74,61,52,56,78,33,9,0,30.12,29.98
15,2,73,64,50,57,83,32,9,0,30.15,30.04
16,2,74,61,48,54,78,25,10,2,30.06,29.92
17,2,74,64,54,59,94,40,8,0,29.98,29.8
18,2,74,64,55,59,88,37,9,0,29.95,29.83
19,2,73,64,50,57,83,30,10,0,29.98,29.86
20,2,78,68,52,61,83,35,8,0,29.98,29.83
21,2,78,70,55,62,88,35,8,0,29.92,29.77
22,2,80,70,61,64,83,40,10,0,29.89,29.77
23,2,80,68,61,64,83,38,9,0,29.92,29.8
24,2,80,72,61,66,94,38,6,4,30.01,29.86
25,2,81,77,54,64,89,28,8,0,29.98,29.83
26,2,78,72,59,65,88,40,23,2,29.95,29.8
27,2,78,72,63,68,88,55,8,0,29.95,29.8
28,2,80,68,57,65,88,35,9,0,29.95,29.8
1,3,79,68,55,63,83,33,9,0,29.92,29.77
2,3,80,75,54,65,94,29,9,0,29.89,29.71
3,3,83,72,59,65,88,34,13,4,29.8,29.65
4,3,84,72,63,67,83,34,14,0,29.83,29.71
5,3,85,72,61,68,83,40,12,2,29.92,29.77
6,3,82,66,50,59,73,26,9,0,29.89,29.77
7,3,80,64,50,59,73,26,9,0,29.98,29.83
8,3,80,61,52,56,68,26,9,0,29.98,29.83
9,3,80,72,54,61,83,29,12,0,29.92,29.77
10,3,80,66,57,62,83,31,13,0,29.92,29.8
11,3,80,68,50,58,78,24,9,0,29.95,29.83
12,3,82,72,54,63,83,28,12,0,29.92,29.77
13,3,83,75,54,65,83,28,14,4,29.92,29.74
14,3,82,73,59,68,83,46,8,0,29.89,29.71
15,3,83,73,36,69,89,16,13,0,29.86,29.71
16,3,79,75,61,70,89,40,13,0,29.86,29.68
17,3,84,72,52,64,83,26,12,0,29.86,29.74
18,3,84,77,54,65,88,25,12,0,29.92,29.8
19,3,84,73,54,66,83,25,12,0,29.98,29.8
20,3,84,70,61,65,88,34,10,0,29.89,29.74
21,3,83,66,48,59,73,22,9,0,29.89,29.74
22,3,83,72,57,64,73,28,12,0,29.83,29.65
23,3,84,73,66,69,83,39,10,0,29.83,29.71
24,3,85,77,70,72,83,49,9,0,29.92,29.8
25,3,86,73,64,69,83,36,9,0,29.98,29.83
26,3,83,73,68,70,83,46,16,0,29.95,29.77
27,3,81,73,68,70,88,49,12,4,29.89,29.74
28,3,84,73,68,72,89,44,14,0,29.89,29.74
29,3,85,75,70,73,83,49,14,4,29.89,29.71
30,3,81,77,63,69,89,46,21,6,29.86,29.71
31,3,74,68,61,65,94,55,21,0,30.04,29.77
1,4,82,68,54,64,88,26,17,4,29.92,29.74
2,4,78,70,61,66,83,43,15,0,29.95,29.8
3,4,85,77,63,69,83,38,10,0,29.89,29.71
4,4,83,72,66,69,83,41,14,0,29.86,29.68
5,4,82,73,66,70,89,43,21,0,29.8,29.65
6,4,78,72,66,69,88,55,14,4,29.86,29.74
7,4,81,75,66,70,94,46,17,4,29.92,29.74
8,4,82,73,66,69,89,49,23,2,29.95,29.8
9,4,84,73,55,70,89,28,13,0,29.98,29.77
10,4,84,72,50,68,83,24,14,0,29.92,29.74
11,4,84,73,63,70,83,38,12,0,29.89,29.74
12,4,80,73,64,68,94,46,23,0,29.86,29.68
13,4,83,75,68,71,89,49,10,0,29.89,29.74
14,4,81,77,68,72,94,46,25,4,29.83,29.68
15,4,82,72,64,69,83,38,9,0,29.86,29.71
16,4,86,75,66,71,83,44,17,0,29.89,29.71
17,4,81,77,66,69,83,65,21,0,29.89,29.74
18,4,82,75,68,72,88,55,17,4,29.89,29.68
19,4,81,77,66,71,89,55,23,4,29.8,29.65
20,4,83,77,68,73,89,49,62,4,29.77,29.65
21,4,82,79,68,73,89,70,26,6,29.8,29.65
22,4,82,81,70,75,100,59,14,4,29.83,29.68
23,4,84,79,70,74,89,59,8,4,29.86,29.68
24,4,88,79,72,75,84,52,10,0,29.86,29.68
25,4,81,77,63,69,94,36,29,0,29.86,29.62
26,4,79,70,63,67,94,40,16,4,29.83,29.68
27,4,78,70,66,68,88,51,20,4,29.89,29.74
28,4,84,75,68,73,89,52,21,0,29.86,29.68
29,4,76,75,66,70,94,74,34,5,29.89,29.68
30,4,76,75,64,68,94,69,29,4,29.83,29.71
1,5,81,73,66,70,88,49,13,4,29.83,29.71
2,5,81,77,68,72,94,62,34,4,29.86,29.74
3,5,80,75,64,71,89,59,10,0,29.89,29.74
4,5,80,75,66,71,94,58,18,4,29.83,29.74
5,5,81,73,68,72,94,52,23,0,29.8,29.68
6,5,82,77,72,74,89,66,17,0,29.83,29.65
7,5,78,77,68,74,94,74,32,6,29.8,29.62
8,5,86,81,75,78,89,66,16,6,29.74,29.62
9,5,83,81,72,77,94,70,17,5,29.8,29.68
10,5,78,79,68,72,94,70,34,0,29.92,29.77
11,5,80,73,68,71,89,58,18,4,29.86,29.68
12,5,81,72,68,69,89,52,10,0,29.83,29.71
13,5,81,81,70,73,94,70,21,0,29.83,29.71
14,5,82,77,68,72,83,52,13,0,29.89,29.71
15,5,85,75,66,72,83,43,13,0,29.8,29.65
16,5,74,73,66,70,94,65,16,0,29.83,29.68
17,5,81,75,68,72,89,58,13,4,29.77,29.65
18,5,80,77,70,74,94,70,17,5,29.74,29.62
19,5,82,75,72,73,89,55,12,5,29.74,29.62
20,5,80,77,72,74,94,66,12,5,29.77,29.65
21,5,81,77,72,74,94,66,23,4,29.77,29.62
22,5,82,81,73,76,94,79,16,4,29.77,29.65
23,5,82,81,72,75,94,78,14,4,29.8,29.65
24,5,83,82,73,77,89,66,18,5,29.74,29.62
25,5,84,81,77,78,94,66,17,4,29.74,29.59
26,5,86,81,73,77,89,63,16,4,29.71,29.59
27,5,88,81,75,78,89,53,12,4,29.74,29.59
28,5,86,82,75,78,89,66,12,0,29.71,29.5
29,5,84,77,64,70,89,38,23,0,29.65,29.53
30,5,88,79,68,74,79,44,12,4,29.65,29.53
31,5,78,77,72,73,94,74,25,4,29.8,29.62
1,6,83,79,73,75,89,70,21,0,29.8,29.68
2,6,84,81,73,76,89,70,12,4,29.77,29.62
3,6,84,82,72,76,94,66,18,0,29.68,29.53
4,6,84,79,73,76,84,62,8,2,29.68,29.53
5,6,85,79,72,77,89,63,15,0,29.74,29.59
6,6,88,81,75,78,89,63,10,0,29.74,29.59
7,6,88,81,75,79,89,62,9,4,29.65,29.5
8,6,84,81,77,78,94,66,15,0,29.59,29.42
9,6,88,81,75,78,84,59,10,0,29.5,29.3
10,6,86,79,73,76,89,59,12,0,29.42,29.27
11,6,84,79,73,77,89,66,10,4,29.36,29.24
12,6,86,84,75,78,94,63,16,4,29.39,29.27
13,6,83,79,72,76,94,66,14,5,29.42,29.33
14,6,88,81,75,78,84,53,14,6,29.47,29.39
15,6,86,82,77,80,89,75,18,5,29.56,29.42
16,6,82,79,73,76,94,74,23,4,29.59,29.47
17,6,88,84,72,77,89,49,14,4,29.56,29.47
18,6,86,81,73,77,84,53,16,4,29.56,29.44
19,6,82,81,73,77,94,79,21,4,29.62,29.5
20,6,86,82,73,77,84,67,12,4,29.68,29.53
21,6,88,82,77,80,89,63,15,0,29.65,29.53
22,6,88,81,77,78,84,66,14,0,29.68,29.53
23,6,82,79,73,77,94,70,10,4,29.65,29.53
24,6,86,84,75,79,89,71,14,5,29.59,29.47
25,6,84,81,75,79,89,75,14,4,29.56,29.44
26,6,86,81,36,77,89,15,13,4,29.56,29.44
27,6,84,81,75,77,84,74,21,5,29.68,29.53
28,6,84,79,75,76,94,66,16,6,29.71,29.62
29,6,82,77,75,77,84,79,8,5,29.71,29.68
1,7,86,79,75,76,79,59,17,4,29.65,29.53
2,7,86,82,73,77,94,66,14,4,29.62,29.5
3,7,83,81,75,79,94,84,10,4,29.59,29.5
4,7,84,81,73,77,94,74,16,4,29.56,29.5
5,7,86,81,75,78,94,66,12,4,29.56,29.47
6,7,86,79,75,77,89,59,12,0,29.56,29.44
7,7,86,77,73,76,89,59,14,4,29.56,29.44
8,7,86,81,75,77,89,63,16,5,29.59,29.47
9,7,84,79,75,77,89,70,17,6,29.59,29.5
10,7,86,81,77,79,84,74,14,6,29.59,29.47
11,7,86,81,77,78,94,59,17,5,29.56,29.42
12,7,84,81,77,79,94,70,15,5,29.53,29.42
13,7,86,79,75,77,84,59,78,4,29.53,29.42
14,7,86,77,73,76,89,52,15,4,29.53,29.39
15,7,86,79,75,77,89,59,17,6,29.53,29.39
16,7,86,79,73,77,94,59,21,9,29.53,29.42
17,7,82,81,73,78,94,62,14,7,29.56,29.44
18,7,88,81,77,78,84,63,14,5,29.56,29.44
19,7,91,82,77,79,89,50,8,0,29.53,29.36
20,7,88,84,77,80,84,59,21,0,29.5,29.39
21,7,84,79,75,77,84,70,21,8,29.53,29.44
22,7,84,81,75,79,94,79,16,8,29.59,29.47
23,7,84,81,75,78,94,66,14,4,29.62,29.53
24,7,82,79,75,77,94,75,14,0,29.65,29.53
25,7,82,81,75,77,94,74,10,4,29.62,29.53
26,7,81,79,75,77,94,84,123,4,29.62,29.5
27,7,81,81,73,78,94,83,12,4,29.59,29.47
28,7,83,81,77,79,94,84,9,4,29.59,29.5
29,7,84,81,73,77,94,66,12,4,29.59,29.47
30,7,86,82,77,79,89,74,14,6,29.56,29.44
31,7,84,82,73,78,89,59,18,4,29.53,29.44
1,8,84,79,75,78,94,66,14,4,29.56,29.44
2,8,83,81,75,78,89,74,12,7,29.62,29.5
3,8,84,81,75,77,89,70,15,5,29.62,29.47
4,8,84,81,77,78,94,74,10,0,29.59,29.47
5,8,84,81,73,77,89,70,12,0,29.59,29.44
6,8,86,81,73,77,94,55,12,0,29.56,29.42
7,8,86,79,70,76,89,52,18,4,29.59,29.47
8,8,86,81,72,76,84,58,18,6,29.68,29.53
9,8,86,81,75,78,89,63,16,5,29.71,29.56
10,8,88,79,75,77,84,56,12,4,29.68,29.5
11,8,88,79,73,77,89,55,12,0,29.59,29.44
12,8,86,79,73,77,84,66,16,5,29.53,29.42
13,8,88,81,73,77,84,52,12,5,29.53,29.42
14,8,89,81,75,78,89,56,12,5,29.53,29.39
15,8,88,81,75,78,89,59,18,2,29.65,29.5
16,8,88,79,73,77,89,49,17,5,29.68,29.53
17,8,88,81,72,77,89,52,12,4,29.59,29.42
18,8,89,82,75,80,94,53,9,0,29.53,29.36
19,8,86,81,75,79,94,70,20,0,29.56,29.42
20,8,86,79,75,77,84,59,22,6,29.62,29.53
21,8,86,81,75,78,94,66,15,5,29.62,29.53
22,8,84,81,75,78,89,66,15,5,29.62,29.47
23,8,86,81,79,79,89,70,15,0,29.62,29.47
24,8,86,81,77,79,89,70,14,4,29.65,29.5
25,8,86,81,75,78,89,66,14,5,29.59,29.47
26,8,86,79,77,78,89,63,92,5,29.56,29.42
27,8,86,79,73,76,84,62,15,6,29.62,29.5
28,8,86,81,73,77,84,62,18,6,29.71,29.56
29,8,86,81,75,78,89,70,14,5,29.68,29.56
30,8,86,81,75,77,89,63,14,4,29.65,29.5
31,8,88,81,75,78,89,59,50,6,29.65,29.53
1,9,88,81,73,76,84,59,14,4,29.71,29.59
2,9,82,81,75,77,94,70,15,5,29.71,29.59
3,9,86,84,75,79,89,66,12,4,29.68,29.56
4,9,86,81,75,78,89,59,9,0,29.68,29.53
5,9,86,79,73,76,89,56,17,4,29.65,29.5
6,9,86,77,72,74,84,55,21,7,29.68,29.56
7,9,86,81,75,77,89,59,138,7,29.77,29.65
8,9,86,79,72,75,89,55,12,5,29.8,29.65
9,9,88,79,73,76,89,49,14,4,29.8,29.68
10,9,88,79,73,77,89,56,123,5,29.89,29.77
11,9,88,79,73,76,84,53,18,0,29.83,29.71
12,9,88,81,73,77,100,52,14,5,29.77,29.65
13,9,81,79,73,77,94,74,17,4,29.77,29.62
14,9,86,81,75,77,89,67,12,0,29.8,29.68
15,9,88,81,73,77,89,49,12,4,29.8,29.65
16,9,88,77,70,74,84,44,41,4,29.74,29.59
17,9,89,81,72,76,84,44,9,4,29.68,29.53
18,9,90,79,72,76,84,47,12,4,29.68,29.53
19,9,91,81,75,78,84,47,12,4,29.68,29.56
20,9,84,79,72,77,94,55,25,4,29.8,29.62
21,9,84,77,70,74,89,52,22,4,29.92,29.77
22,9,86,79,73,75,84,59,9,0,29.98,29.83
23,9,86,79,73,76,89,52,9,0,29.95,29.8
24,9,88,79,73,76,84,52,10,0,29.89,29.71
25,9,88,79,75,78,89,56,12,4,29.83,29.68
26,9,88,79,73,77,84,55,12,0,29.8,29.71
27,9,86,82,75,78,94,67,10,0,29.83,29.71
28,9,88,81,72,77,89,49,8,0,29.86,29.71
29,9,88,82,75,78,89,53,10,0,29.86,29.71
30,9,89,82,70,76,89,44,9,0,29.83,29.68
1,10,88,79,68,74,84,41,12,0,29.86,29.71
2,10,87,77,66,72,84,41,8,0,29.89,29.74
3,10,88,79,70,75,84,41,12,0,29.86,29.74
4,10,86,81,72,75,84,55,12,0,29.89,29.77
5,10,88,79,72,75,89,47,7,0,29.92,29.77
6,10,84,77,70,74,84,52,7,0,29.92,29.77
7,10,86,79,68,74,84,46,7,0,29.92,29.74
8,10,86,77,64,71,84,36,8,0,29.89,29.74
9,10,86,79,70,74,84,49,12,0,29.89,29.74
10,10,80,75,72,73,89,70,12,4,29.89,29.8
11,10,78,73,72,73,89,74,16,5,29.92,29.8
12,10,78,77,72,73,94,83,9,4,29.95,29.83
13,10,78,75,72,73,94,78,15,4,29.92,29.8
14,10,80,73,70,72,94,66,9,0,29.92,29.77
15,10,82,77,66,72,89,55,8,0,29.98,29.86
16,10,82,73,64,70,94,46,7,0,29.98,29.86
17,10,81,70,61,67,83,40,7,0,29.95,29.77
18,10,83,75,54,69,89,41,8,0,29.92,29.8
19,10,83,79,66,71,89,43,9,4,29.95,29.83
20,10,83,79,66,73,89,51,7,4,29.98,29.86
21,10,83,75,68,71,89,49,10,0,30.01,29.86
22,10,83,75,68,71,89,49,9,0,29.95,29.8
23,10,83,73,68,71,83,46,13,0,29.95,29.83
24,10,82,73,63,69,83,43,12,0,29.95,29.83
25,10,81,73,64,69,94,49,12,4,30.01,29.89
26,10,79,70,61,67,83,40,6,0,30.01,29.89
27,10,82,73,66,69,83,49,8,0,30.01,29.89
28,10,76,72,66,70,94,74,14,4,30.06,29.95
29,10,74,72,66,69,88,69,9,4,30.01,29.92
30,10,80,73,68,71,94,58,12,0,29.98,29.89
31,10,82,73,66,70,89,49,9,0,29.98,29.89
1,11,82,75,64,69,83,43,7,0,29.98,29.86
2,11,82,73,70,71,83,52,7,0,29.98,29.83
3,11,83,75,70,72,89,49,9,0,30.01,29.86
4,11,82,73,68,70,89,49,9,0,30.01,29.86
5,11,79,73,68,71,94,49,23,0,29.98,29.83
6,11,80,73,68,71,89,58,9,0,29.98,29.83
7,11,78,73,66,69,94,58,8,0,30.04,29.92
8,11,78,70,61,65,83,45,10,0,29.98,29.86
9,11,77,72,57,63,88,40,6,0,29.95,29.53
10,11,75,68,55,63,88,42,6,0,29.98,29.83
11,11,77,72,57,64,88,42,7,0,30.01,29.86
12,11,77,72,61,65,88,43,8,0,29.95,29.83
13,11,77,70,59,65,88,42,7,0,29.92,29.77
14,11,76,72,64,66,94,51,6,0,29.95,29.8
15,11,77,70,61,66,94,43,7,0,29.98,29.86
16,11,80,70,59,66,88,43,9,0,29.98,29.83
17,11,79,70,61,66,88,40,9,0,29.95,29.8
18,11,78,64,55,61,78,35,9,0,30.04,29.89
19,11,75,70,59,63,88,45,5,0,30.06,29.95
20,11,73,68,54,61,88,37,9,0,30.06,29.92
21,11,76,68,59,63,94,45,8,0,30.06,29.92
22,11,74,68,61,64,88,45,9,0,30.06,29.92
23,11,75,72,59,63,88,42,7,0,30.06,29.92
24,11,75,68,61,64,88,48,7,0,30.04,29.92
25,11,74,66,55,62,88,39,8,0,30.04,29.92
26,11,75,64,55,62,88,42,12,0,30.04,29.89
27,11,78,66,59,63,83,40,9,0,30.06,29.95
28,11,78,64,54,59,78,33,8,0,30.09,29.98
29,11,75,66,52,60,88,35,9,0,30.09,29.98
30,11,74,64,54,60,88,37,9,0,30.09,29.95
1,12,76,66,55,61,88,42,7,0,30.04,29.89
2,12,75,63,54,60,88,35,9,0,29.98,29.86
3,12,74,66,55,59,88,42,9,0,30.04,29.89
4,12,72,64,57,60,88,42,9,0,30.06,29.89
5,12,72,63,54,59,88,39,9,0,30.01,29.86
6,12,74,64,57,61,88,53,8,0,29.98,29.83
7,12,71,63,55,59,88,42,10,0,29.98,29.83
8,12,72,63,54,59,83,42,10,0,30.04,29.89
9,12,72,63,57,60,88,42,8,0,30.01,29.89
10,12,72,63,55,59,88,42,8,0,30.01,29.89
11,12,71,64,54,58,88,42,6,0,29.98,29.86
12,12,73,63,55,58,88,37,8,0,30.04,29.92
13,12,72,66,55,60,94,39,8,0,30.06,29.95
14,12,73,66,55,61,88,44,9,0,30.09,29.98
15,12,72,61,52,58,83,37,9,0,30.12,30.01
16,12,75,64,55,61,83,47,10,0,30.12,30.01
17,12,70,66,63,64,88,73,14,0,30.09,29.95
18,12,65,64,61,62,94,83,12,4,30.04,29.92
19,12,64,61,55,59,88,77,9,0,30.09,29.95
20,12,66,64,55,59,94,69,9,4,30.09,29.95
21,12,67,63,54,59,94,54,9,0,30.06,29.92
22,12,68,61,55,58,94,47,12,0,30.06,29.95
23,12,68,64,54,58,88,51,7,0,30.04,29.92
24,12,68,68,55,59,94,50,7,0,30.04,29.89
25,12,69,61,52,57,88,41,9,0,30.04,29.89
26,12,67,61,50,55,88,41,7,0,30.01,29.89
27,12,66,55,50,52,88,41,12,0,30.01,29.86
28,12,66,55,43,50,88,31,9,0,30.01,29.89
29,12,63,55,46,50,82,38,8,0,30.09,29.98
30,12,63,54,46,50,82,38,12,0,30.12,30.01
31,12,68,61,48,54,88,36,8,0,30.12,30.01
1,1,70,59,45,54,88,28,7,0,30.15,30.01
2,1,70,61,50,55,83,37,9,0,30.15,30.01
3,1,68,64,50,54,88,39,9,0,30.18,30.04
4,1,66,57,45,51,88,34,10,0,30.18,30.06
5,1,66,59,50,53,94,36,9,0,30.12,29.98
6,1,68,59,48,54,88,34,9,0,30.06,29.95
7,1,70,63,52,56,88,37,6,0,30.04,29.89
8,1,68,61,50,56,88,36,12,0,29.98,29.86
9,1,68,55,46,53,82,34,9,0,30.06,29.92
10,1,68,61,48,54,82,44,8,0,30.06,29.95
11,1,66,59,45,53,82,30,8,0,30.09,29.95
12,1,68,61,50,54,88,37,6,0,30.09,29.95
13,1,70,64,54,57,94,39,8,0,30.06,29.95
14,1,70,61,50,54,88,39,9,0,30.04,29.92
15,1,68,59,50,54,82,44,12,4,30.09,29.95
16,1,68,59,48,52,77,39,12,0,30.09,29.92
17,1,70,59,46,53,83,32,9,0,30.01,29.89
18,1,70,63,50,56,88,36,9,0,30.04,29.89
19,1,68,61,34,57,94,21,7,0,30.06,29.92
20,1,69,63,55,57,83,47,9,0,30.09,29.92
21,1,68,61,50,55,82,39,8,0,30.06,29.92
22,1,68,59,50,54,88,39,6,0,30.06,29.95
23,1,71,64,50,56,88,34,7,0,30.06,29.95
24,1,71,59,48,56,82,30,10,0,30.06,29.98
25,1,74,59,52,54,68,37,9,0,30.09,29.98
26,1,73,61,48,56,83,30,7,0,30.09,29.95
27,1,75,59,52,57,73,35,9,0,30.09,29.95
28,1,74,59,54,57,73,44,12,4,30.09,29.98
29,1,70,59,50,54,73,41,13,5,30.06,29.98
30,1,67,57,48,51,72,41,12,0,30.15,30.01
31,1,68,57,52,54,88,42,7,0,30.12,29.98
1,2,71,61,48,54,82,30,9,0,30.06,29.92
2,2,71,63,46,55,88,30,9,0,30.04,29.89
3,2,71,61,46,55,88,30,9,0,30.09,29.98
4,2,71,61,50,56,83,36,12,0,30.15,30.01
5,2,71,57,46,53,77,30,12,0,30.09,29.92
6,2,70,59,43,53,82,26,8,0,30.01,29.89
7,2,71,63,50,56,88,34,6,0,30.04,29.92
8,2,73,64,50,57,88,30,12,0,30.04,29.89
9,2,71,63,55,59,83,47,12,4,30.04,29.92
10,2,73,61,45,55,83,26,14,0,30.12,30.01
11,2,70,61,46,54,88,30,14,0,30.12,30.01
12,2,71,59,52,57,88,35,9,4,30.15,30.04
13,2,72,61,52,57,88,33,12,4,30.15,29.98
14,2,74,64,55,59,88,37,10,0,30.06,29.92
15,2,75,63,55,60,88,40,10,0,30.04,29.92
16,2,73,61,52,57,73,44,12,0,30.06,29.86
17,2,70,64,57,60,94,54,9,0,29.95,29.8
18,2,71,64,50,57,88,34,7,0,29.98,29.8
19,2,72,61,54,56,88,35,10,0,30.01,29.86
20,2,76,70,57,64,94,48,12,0,30.06,29.95
21,2,76,64,52,59,88,29,8,0,30.09,29.95
22,2,75,72,59,63,94,40,9,0,30.01,29.83
23,2,80,70,59,65,88,36,12,0,29.89,29.77
24,2,78,68,54,60,83,35,9,0,29.92,29.8
25,2,72,63,52,59,83,50,15,0,30.04,29.83
26,2,71,66,61,63,88,61,14,4,29.95,29.83
27,2,71,64,61,63,94,54,21,0,29.98,29.77
28,2,70,64,63,64,94,69,17,0,29.95,29.8
1,3,72,64,50,56,88,37,9,0,30.06,29.92
2,3,70,54,41,50,72,24,12,0,30.06,29.89
3,3,72,61,48,54,77,30,13,4,29.95,29.8
4,3,71,68,57,61,83,54,7,0,29.92,29.74
5,3,75,68,61,64,94,55,17,4,29.86,29.68
6,3,76,68,61,65,94,54,9,0,29.89,29.77
7,3,78,70,48,60,88,27,12,0,29.95,29.8
8,3,76,64,43,57,78,22,17,0,29.98,29.83
9,3,74,64,54,58,88,33,34,0,29.98,29.86
10,3,76,70,59,62,88,38,9,0,29.98,29.86
11,3,79,75,68,71,89,62,16,0,30.01,29.86
12,3,82,75,63,69,94,43,10,0,29.98,29.83
13,3,83,77,64,71,83,55,9,0,29.98,29.86
14,3,84,77,61,71,94,38,9,0,30.01,29.86
15,3,81,72,61,65,78,38,9,0,30.01,29.86
16,3,85,68,61,64,69,36,14,0,30.01,29.86
17,3,83,70,61,65,74,34,7,0,30.01,29.86
18,3,78,72,59,66,89,42,15,0,30.04,29.83
19,3,81,70,63,66,83,43,10,0,29.92,29.77
20,3,82,70,54,66,88,31,12,0,29.92,29.8
21,3,83,73,63,67,83,38,10,0,29.95,29.8
22,3,83,73,64,69,83,46,14,0,29.92,29.74
23,3,83,70,50,64,78,24,12,4,29.92,29.77
24,3,82,73,52,64,83,24,12,0,29.92,29.77
25,3,83,68,50,63,83,23,9,0,29.92,29.8
26,3,83,73,55,66,88,38,21,0,29.98,29.83
27,3,78,70,63,65,83,51,14,0,30.01,29.89
28,3,81,70,63,64,78,36,10,0,30.01,29.83
29,3,83,75,63,69,88,38,9,0,29.89,29.74
30,3,83,75,66,69,78,46,13,0,29.86,29.71
31,3,82,79,68,71,94,46,29,5,29.89,29.65
1,4,76,70,63,66,94,45,30,5,29.98,29.77
2,4,78,79,63,71,94,66,17,4,29.89,29.68
3,4,78,77,63,67,88,48,12,4,29.92,29.77
4,4,82,75,66,71,88,49,14,4,29.95,29.77
5,4,81,77,72,74,94,66,12,0,29.92,29.77
6,4,80,77,59,70,94,40,34,4,29.98,29.74
7,4,78,72,63,66,94,48,12,0,29.92,29.8
8,4,81,75,63,70,94,43,34,0,29.86,29.68
9,4,78,73,63,68,94,57,21,4,30.09,29.74
10,4,75,70,63,67,88,62,10,4,29.95,29.8
11,4,82,79,68,73,89,59,18,0,29.89,29.71
12,4,83,81,68,73,89,66,14,0,29.86,29.71
13,4,81,81,68,73,94,63,18,0,29.86,29.71
14,4,82,73,61,69,83,36,7,0,29.89,29.71
15,4,86,77,70,74,84,46,12,4,29.86,29.68
16,4,86,81,72,76,89,56,14,4,29.86,29.71
17,4,85,77,70,73,89,44,22,4,29.89,29.71
18,4,84,75,59,69,89,36,14,0,29.92,29.77
19,4,86,77,59,68,83,32,9,0,29.86,29.71
20,4,86,77,59,69,84,32,12,0,29.8,29.65
21,4,85,70,66,68,78,39,25,4,29.83,29.62
22,4,84,70,59,66,78,32,9,0,29.8,29.68
23,4,86,73,66,70,83,41,9,0,29.86,29.74
24,4,88,73,63,70,74,32,7,0,29.89,29.74
25,4,89,79,66,72,79,37,9,0,29.86,29.71
26,4,88,77,70,73,79,41,12,0,29.8,29.65
27,4,86,81,73,76,79,59,18,0,29.77,29.62
28,4,90,81,73,77,84,49,16,7,29.74,29.62
29,4,89,81,73,77,84,47,20,7,29.8,29.62
30,4,90,79,72,76,84,49,15,6,29.8,29.62
1,5,89,81,66,73,84,39,18,7,29.77,29.62
2,5,90,79,70,74,79,44,14,5,29.8,29.65
3,5,83,81,73,76,89,70,18,4,29.77,29.71
4,5,78,79,72,75,94,83,28,5,29.74,29.44
5,5,84,75,68,72,89,46,14,4,29.83,29.68
6,5,88,77,70,74,89,47,14,6,29.74,29.62
7,5,88,77,72,75,84,49,14,7,29.71,29.59
8,5,89,81,72,76,84,47,15,6,29.68,29.53
9,5,88,81,75,78,84,56,17,7,29.65,29.53
10,5,90,81,77,79,84,56,22,7,29.71,29.59
11,5,90,81,73,77,84,49,17,6,29.8,29.65
12,5,88,79,70,75,89,44,14,6,29.77,29.62
13,5,88,79,68,75,94,47,20,4,29.8,29.62
14,5,82,77,72,74,94,59,14,0,29.77,29.62
1,6,81,77,70,74,89,62,23,5,29.74,29.59
2,6,78,79,72,74,94,70,21,5,29.8,29.62
3,6,82,79,73,75,94,70,14,5,29.71,29.59
4,6,83,82,73,77,100,74,14,6,29.71,29.59
5,6,80,77,73,75,94,84,14,0,29.71,29.59
6,6,85,81,73,77,89,66,16,0,29.71,29.62
7,6,84,79,75,77,89,66,16,0,29.74,29.65
8,6,86,81,73,77,84,70,16,4,29.71,29.59
9,6,84,81,75,77,89,75,12,5,29.65,29.5
10,6,88,79,73,76,89,49,12,0,29.62,29.5
11,6,88,81,73,77,84,52,7,4,29.65,29.47
12,6,89,82,75,79,89,56,9,0,29.62,29.47
13,6,90,84,77,80,84,59,10,4,29.59,29.42
14,6,88,81,77,79,84,74,12,4,29.56,29.44
15,6,85,81,77,79,94,79,21,5,29.59,29.5
9,7,84,77,77,77,79,79,12,12,29.56,29.53
10,7,86,81,75,77,89,66,21,7,29.59,29.47
11,7,84,84,77,79,94,84,16,5,29.68,29.53
12,7,82,81,73,77,94,75,14,4,29.71,29.59
13,7,86,82,77,79,94,59,15,5,29.65,29.53
14,7,80,81,75,77,94,84,16,5,29.62,29.5
15,7,80,79,75,77,94,79,17,5,29.62,29.5
16,7,86,86,75,79,89,75,17,0,29.65,29.53
17,7,88,81,75,78,89,53,9,0,29.62,29.5
18,7,88,86,77,79,89,63,10,4,29.62,29.5
19,7,88,81,75,78,84,59,14,4,29.65,29.56
20,7,88,81,73,76,84,49,14,5,29.71,29.59
21,7,90,82,77,79,84,60,14,4,29.71,29.56
22,7,90,81,73,78,84,49,14,7,29.68,29.56
23,7,90,79,70,76,79,44,15,6,29.65,29.53
24,7,90,81,77,79,89,59,15,0,29.65,29.53
25,7,86,81,77,78,89,63,8,0,29.65,29.53
26,7,81,79,77,79,94,84,14,0,29.59,29.47
27,7,82,79,75,77,94,70,14,4,29.62,29.5
28,7,81,77,75,76,89,74,17,5,29.65,29.56
29,7,83,77,75,76,84,79,16,7,29.68,29.62
30,7,84,81,73,77,89,70,16,6,29.71,29.59
31,7,86,81,75,77,89,74,14,6,29.68,29.53
1,8,86,81,73,78,89,66,14,6,29.62,29.5
2,8,84,81,77,78,94,63,20,5,29.59,29.5